SET session_replication_role = replica;

--
-- PostgreSQL database dump
--

-- \restrict Jyj9sP08QsiVVISpTkbaL7myiPDWpgIuYbaU0GTWas7iUj2EVnQBkdhFxaGMP42

-- Dumped from database version 17.6
-- Dumped by pg_dump version 17.6

SET statement_timeout = 0;
SET lock_timeout = 0;
SET idle_in_transaction_session_timeout = 0;
SET transaction_timeout = 0;
SET client_encoding = 'UTF8';
SET standard_conforming_strings = on;
SELECT pg_catalog.set_config('search_path', '', false);
SET check_function_bodies = false;
SET xmloption = content;
SET client_min_messages = warning;
SET row_security = off;

--
-- Data for Name: audit_log_entries; Type: TABLE DATA; Schema: auth; Owner: supabase_auth_admin
--

INSERT INTO "auth"."audit_log_entries" ("instance_id", "id", "payload", "created_at", "ip_address") VALUES
	('00000000-0000-0000-0000-000000000000', '52d8cd6b-ce8d-4a14-a5e5-269bec0390f0', '{"action":"user_confirmation_requested","actor_id":"051c42f3-2243-4a0e-81e7-ed57ead0174a","actor_name":"Jorge","actor_username":"teste@teste.com","actor_via_sso":false,"log_type":"user","traits":{"provider":"email"}}', '2025-09-26 02:57:01.385728+00', ''),
	('00000000-0000-0000-0000-000000000000', 'd40f7ce2-f667-45a1-9bca-387ce98655ca', '{"action":"user_confirmation_requested","actor_id":"f116b809-b80f-41a0-9318-6a1d4a6aed1f","actor_name":"Jorge","actor_username":"personal.j.a@outlook.com","actor_via_sso":false,"log_type":"user","traits":{"provider":"email"}}', '2025-09-26 02:57:19.92876+00', ''),
	('00000000-0000-0000-0000-000000000000', '92ac7f42-9ac9-43a9-b83f-252e90c3822c', '{"action":"user_signedup","actor_id":"f116b809-b80f-41a0-9318-6a1d4a6aed1f","actor_name":"Jorge","actor_username":"personal.j.a@outlook.com","actor_via_sso":false,"log_type":"team","traits":{"provider":"email"}}', '2025-09-26 02:57:49.842201+00', ''),
	('00000000-0000-0000-0000-000000000000', 'b553a38f-6bf4-4825-9e60-d2c016f79beb', '{"action":"login","actor_id":"f116b809-b80f-41a0-9318-6a1d4a6aed1f","actor_name":"Jorge","actor_username":"personal.j.a@outlook.com","actor_via_sso":false,"log_type":"account","traits":{"provider":"email"}}', '2025-09-26 02:58:12.746607+00', ''),
	('00000000-0000-0000-0000-000000000000', '2bce5e24-c05b-4de9-9983-5fa5dfa47a60', '{"action":"logout","actor_id":"f116b809-b80f-41a0-9318-6a1d4a6aed1f","actor_name":"Jorge","actor_username":"personal.j.a@outlook.com","actor_via_sso":false,"log_type":"account"}', '2025-09-26 03:00:23.993867+00', ''),
	('00000000-0000-0000-0000-000000000000', '22b77231-72f6-4fed-b282-c41fa78ac4f3', '{"action":"user_signedup","actor_id":"00000000-0000-0000-0000-000000000000","actor_username":"service_role","actor_via_sso":false,"log_type":"team","traits":{"provider":"email","user_email":"admin_geral@teste.com","user_id":"559f26dd-7a83-49c1-be50-62531260e98d","user_phone":""}}', '2025-09-26 03:05:16.600821+00', ''),
	('00000000-0000-0000-0000-000000000000', '46bde201-5441-4cb4-a806-067736086856', '{"action":"login","actor_id":"559f26dd-7a83-49c1-be50-62531260e98d","actor_username":"admin_geral@teste.com","actor_via_sso":false,"log_type":"account","traits":{"provider":"email"}}', '2025-09-26 03:05:29.457996+00', ''),
	('00000000-0000-0000-0000-000000000000', 'cd45af90-2c50-4a8a-ab1b-80da80bf0f04', '{"action":"logout","actor_id":"559f26dd-7a83-49c1-be50-62531260e98d","actor_username":"admin_geral@teste.com","actor_via_sso":false,"log_type":"account"}', '2025-09-26 03:05:47.75449+00', ''),
	('00000000-0000-0000-0000-000000000000', '7033e996-5592-471d-b485-af54a73ab67d', '{"action":"login","actor_id":"559f26dd-7a83-49c1-be50-62531260e98d","actor_username":"admin_geral@teste.com","actor_via_sso":false,"log_type":"account","traits":{"provider":"email"}}', '2025-09-26 03:09:20.093984+00', ''),
	('00000000-0000-0000-0000-000000000000', '78d14310-81ff-4334-add1-4466478ffbf3', '{"action":"user_signedup","actor_id":"00000000-0000-0000-0000-000000000000","actor_username":"service_role","actor_via_sso":false,"log_type":"team","traits":{"provider":"email","user_email":"admin@gradgate.com","user_id":"48a60ee4-64be-4b05-870f-bbd475023e67","user_phone":""}}', '2025-09-26 03:10:07.899699+00', ''),
	('00000000-0000-0000-0000-000000000000', 'ca156b7e-4711-4dba-8f89-0750d1a1a185', '{"action":"user_signedup","actor_id":"00000000-0000-0000-0000-000000000000","actor_username":"service_role","actor_via_sso":false,"log_type":"team","traits":{"provider":"email","user_email":"gestor@gradgate.com","user_id":"870558d4-cb8e-4051-97f5-f9309ee4a9e8","user_phone":""}}', '2025-09-26 03:10:08.035403+00', ''),
	('00000000-0000-0000-0000-000000000000', 'aac4c8c6-908e-4538-bfde-54d7aaa14d34', '{"action":"user_signedup","actor_id":"00000000-0000-0000-0000-000000000000","actor_username":"service_role","actor_via_sso":false,"log_type":"team","traits":{"provider":"email","user_email":"vendedor@gradgate.com","user_id":"03c3be5e-96c6-48eb-915b-a45ea217b78e","user_phone":""}}', '2025-09-26 03:10:08.2017+00', ''),
	('00000000-0000-0000-0000-000000000000', '0aa5e807-5725-42e4-a1d0-6df66e1e7eed', '{"action":"user_signedup","actor_id":"00000000-0000-0000-0000-000000000000","actor_username":"service_role","actor_via_sso":false,"log_type":"team","traits":{"provider":"email","user_email":"colaborador@gradgate.com","user_id":"e25c56b5-80ad-4784-8060-288c6e1a6d57","user_phone":""}}', '2025-09-26 03:10:08.324254+00', ''),
	('00000000-0000-0000-0000-000000000000', '8bda33f4-ee89-45e9-8bc5-1499f8fdfef0', '{"action":"user_signedup","actor_id":"00000000-0000-0000-0000-000000000000","actor_username":"service_role","actor_via_sso":false,"log_type":"team","traits":{"provider":"email","user_email":"aluno@gradgate.com","user_id":"e28c30f1-590d-4da2-ae23-0ec986fecaf1","user_phone":""}}', '2025-09-26 03:10:08.449274+00', ''),
	('00000000-0000-0000-0000-000000000000', '623f13b6-4331-4be0-8389-54277ac37b03', '{"action":"login","actor_id":"559f26dd-7a83-49c1-be50-62531260e98d","actor_username":"admin_geral@teste.com","actor_via_sso":false,"log_type":"account","traits":{"provider":"email"}}', '2025-09-26 12:43:45.036475+00', ''),
	('00000000-0000-0000-0000-000000000000', 'b550dff8-2da0-4b79-9eba-7adda2f2dda9', '{"action":"logout","actor_id":"559f26dd-7a83-49c1-be50-62531260e98d","actor_username":"admin_geral@teste.com","actor_via_sso":false,"log_type":"account"}', '2025-09-26 12:45:55.988227+00', ''),
	('00000000-0000-0000-0000-000000000000', 'f06a5f8d-3b0b-4291-a419-4becefc08ede', '{"action":"login","actor_id":"870558d4-cb8e-4051-97f5-f9309ee4a9e8","actor_name":"Maria Gestora","actor_username":"gestor@gradgate.com","actor_via_sso":false,"log_type":"account","traits":{"provider":"email"}}', '2025-09-26 12:46:12.275701+00', ''),
	('00000000-0000-0000-0000-000000000000', '7cf70ec2-6d80-4de7-a3ee-7fbca31a881a', '{"action":"logout","actor_id":"870558d4-cb8e-4051-97f5-f9309ee4a9e8","actor_name":"Maria Gestora","actor_username":"gestor@gradgate.com","actor_via_sso":false,"log_type":"account"}', '2025-09-26 12:46:26.351723+00', ''),
	('00000000-0000-0000-0000-000000000000', '7091bdb8-d5a9-4ead-bf06-ff6ec2e3d3bb', '{"action":"login","actor_id":"03c3be5e-96c6-48eb-915b-a45ea217b78e","actor_name":"João Vendedor","actor_username":"vendedor@gradgate.com","actor_via_sso":false,"log_type":"account","traits":{"provider":"email"}}', '2025-09-26 12:46:38.453966+00', ''),
	('00000000-0000-0000-0000-000000000000', '15d81053-bbf1-406a-8d7a-fd1ac8dd6925', '{"action":"logout","actor_id":"03c3be5e-96c6-48eb-915b-a45ea217b78e","actor_name":"João Vendedor","actor_username":"vendedor@gradgate.com","actor_via_sso":false,"log_type":"account"}', '2025-09-26 12:47:03.126541+00', ''),
	('00000000-0000-0000-0000-000000000000', 'bea0c42f-af5f-4c02-ab94-58fa9a88ec3e', '{"action":"login","actor_id":"e25c56b5-80ad-4784-8060-288c6e1a6d57","actor_name":"Ana Colaboradora","actor_username":"colaborador@gradgate.com","actor_via_sso":false,"log_type":"account","traits":{"provider":"email"}}', '2025-09-26 12:47:17.370721+00', ''),
	('00000000-0000-0000-0000-000000000000', '97eac176-06fc-4a62-9bd9-6f465c58b794', '{"action":"logout","actor_id":"e25c56b5-80ad-4784-8060-288c6e1a6d57","actor_name":"Ana Colaboradora","actor_username":"colaborador@gradgate.com","actor_via_sso":false,"log_type":"account"}', '2025-09-26 13:06:17.557763+00', ''),
	('00000000-0000-0000-0000-000000000000', 'e9b70aaf-3c00-4877-a7fa-95bce2c59611', '{"action":"login","actor_id":"e28c30f1-590d-4da2-ae23-0ec986fecaf1","actor_name":"Pedro Estudante","actor_username":"aluno@gradgate.com","actor_via_sso":false,"log_type":"account","traits":{"provider":"email"}}', '2025-09-26 13:06:26.627403+00', ''),
	('00000000-0000-0000-0000-000000000000', '015abab9-a51c-4654-bd34-00748734b453', '{"action":"logout","actor_id":"e28c30f1-590d-4da2-ae23-0ec986fecaf1","actor_name":"Pedro Estudante","actor_username":"aluno@gradgate.com","actor_via_sso":false,"log_type":"account"}', '2025-09-26 13:06:44.101199+00', ''),
	('00000000-0000-0000-0000-000000000000', 'ff2e4099-0684-458e-91a2-a6f3c7a4118c', '{"action":"login","actor_id":"48a60ee4-64be-4b05-870f-bbd475023e67","actor_name":"Admin Sistema","actor_username":"admin@gradgate.com","actor_via_sso":false,"log_type":"account","traits":{"provider":"email"}}', '2025-09-26 13:06:56.168794+00', ''),
	('00000000-0000-0000-0000-000000000000', 'ea882731-3113-4216-92d6-850716bd4601', '{"action":"logout","actor_id":"48a60ee4-64be-4b05-870f-bbd475023e67","actor_name":"Admin Sistema","actor_username":"admin@gradgate.com","actor_via_sso":false,"log_type":"account"}', '2025-09-26 13:07:49.817748+00', ''),
	('00000000-0000-0000-0000-000000000000', '3e1b53f4-704a-4a2c-831a-4573edfb9f30', '{"action":"login","actor_id":"870558d4-cb8e-4051-97f5-f9309ee4a9e8","actor_name":"Maria Gestora","actor_username":"gestor@gradgate.com","actor_via_sso":false,"log_type":"account","traits":{"provider":"email"}}', '2025-09-26 13:08:02.257902+00', ''),
	('00000000-0000-0000-0000-000000000000', '74f92420-3bf3-42d4-b006-cc4266bea172', '{"action":"logout","actor_id":"870558d4-cb8e-4051-97f5-f9309ee4a9e8","actor_name":"Maria Gestora","actor_username":"gestor@gradgate.com","actor_via_sso":false,"log_type":"account"}', '2025-09-26 13:08:18.470746+00', ''),
	('00000000-0000-0000-0000-000000000000', 'ef8c138b-8cc8-4f47-acf1-0f6021cd9bfc', '{"action":"login","actor_id":"03c3be5e-96c6-48eb-915b-a45ea217b78e","actor_name":"João Vendedor","actor_username":"vendedor@gradgate.com","actor_via_sso":false,"log_type":"account","traits":{"provider":"email"}}', '2025-09-26 13:08:25.398717+00', ''),
	('00000000-0000-0000-0000-000000000000', 'f3912f36-64e6-4a16-9628-a7632247ce6a', '{"action":"logout","actor_id":"03c3be5e-96c6-48eb-915b-a45ea217b78e","actor_name":"João Vendedor","actor_username":"vendedor@gradgate.com","actor_via_sso":false,"log_type":"account"}', '2025-09-26 13:09:08.023235+00', ''),
	('00000000-0000-0000-0000-000000000000', 'ee219ffa-4d7a-4b37-9b49-43b9da6fa178', '{"action":"login","actor_id":"e25c56b5-80ad-4784-8060-288c6e1a6d57","actor_name":"Ana Colaboradora","actor_username":"colaborador@gradgate.com","actor_via_sso":false,"log_type":"account","traits":{"provider":"email"}}', '2025-09-26 13:09:12.904278+00', ''),
	('00000000-0000-0000-0000-000000000000', '19ed638e-d20b-4315-beb2-4e0644d86476', '{"action":"logout","actor_id":"e25c56b5-80ad-4784-8060-288c6e1a6d57","actor_name":"Ana Colaboradora","actor_username":"colaborador@gradgate.com","actor_via_sso":false,"log_type":"account"}', '2025-09-26 13:09:33.433065+00', ''),
	('00000000-0000-0000-0000-000000000000', 'fa71180e-f663-4308-9ea9-4116c5647111', '{"action":"login","actor_id":"e28c30f1-590d-4da2-ae23-0ec986fecaf1","actor_name":"Pedro Estudante","actor_username":"aluno@gradgate.com","actor_via_sso":false,"log_type":"account","traits":{"provider":"email"}}', '2025-09-26 13:09:37.537868+00', ''),
	('00000000-0000-0000-0000-000000000000', '56982fb5-cccf-48e6-a147-242131aa9684', '{"action":"logout","actor_id":"e28c30f1-590d-4da2-ae23-0ec986fecaf1","actor_name":"Pedro Estudante","actor_username":"aluno@gradgate.com","actor_via_sso":false,"log_type":"account"}', '2025-09-26 13:12:10.639072+00', ''),
	('00000000-0000-0000-0000-000000000000', '348b4961-8f95-42eb-9e26-c3a092c22dc9', '{"action":"login","actor_id":"48a60ee4-64be-4b05-870f-bbd475023e67","actor_name":"Admin Sistema","actor_username":"admin@gradgate.com","actor_via_sso":false,"log_type":"account","traits":{"provider":"email"}}', '2025-09-26 14:37:26.440973+00', ''),
	('00000000-0000-0000-0000-000000000000', '8b1f0a2a-07ce-446b-aca3-3aecb65cca7b', '{"action":"login","actor_id":"48a60ee4-64be-4b05-870f-bbd475023e67","actor_name":"Admin Sistema","actor_username":"admin@gradgate.com","actor_via_sso":false,"log_type":"account","traits":{"provider":"email"}}', '2025-09-26 14:46:16.323402+00', ''),
	('00000000-0000-0000-0000-000000000000', '4eac7ed6-a809-4b44-9a79-239a078997b6', '{"action":"logout","actor_id":"48a60ee4-64be-4b05-870f-bbd475023e67","actor_name":"Admin Sistema","actor_username":"admin@gradgate.com","actor_via_sso":false,"log_type":"account"}', '2025-09-26 15:03:22.724987+00', ''),
	('00000000-0000-0000-0000-000000000000', 'a60dae32-edad-4ad4-8e8b-cfdef4c9ecb4', '{"action":"login","actor_id":"e28c30f1-590d-4da2-ae23-0ec986fecaf1","actor_name":"Pedro Estudante","actor_username":"aluno@gradgate.com","actor_via_sso":false,"log_type":"account","traits":{"provider":"email"}}', '2025-09-26 15:03:38.614172+00', ''),
	('00000000-0000-0000-0000-000000000000', '738331ed-b338-48b6-bea7-1d90b101b4f0', '{"action":"logout","actor_id":"e28c30f1-590d-4da2-ae23-0ec986fecaf1","actor_name":"Pedro Estudante","actor_username":"aluno@gradgate.com","actor_via_sso":false,"log_type":"account"}', '2025-09-26 15:09:05.778368+00', ''),
	('00000000-0000-0000-0000-000000000000', 'e257079b-9624-4db9-aea5-4aff9cc7194a', '{"action":"login","actor_id":"e25c56b5-80ad-4784-8060-288c6e1a6d57","actor_name":"Ana Colaboradora","actor_username":"colaborador@gradgate.com","actor_via_sso":false,"log_type":"account","traits":{"provider":"email"}}', '2025-09-26 15:09:15.77833+00', ''),
	('00000000-0000-0000-0000-000000000000', '2a02aeb1-4b22-43d2-b93d-74a486f8752f', '{"action":"logout","actor_id":"e25c56b5-80ad-4784-8060-288c6e1a6d57","actor_name":"Ana Colaboradora","actor_username":"colaborador@gradgate.com","actor_via_sso":false,"log_type":"account"}', '2025-09-26 15:09:23.708781+00', ''),
	('00000000-0000-0000-0000-000000000000', 'e7db8bc9-7154-4cc9-9bbe-15208b410f44', '{"action":"login","actor_id":"48a60ee4-64be-4b05-870f-bbd475023e67","actor_name":"Admin Sistema","actor_username":"admin@gradgate.com","actor_via_sso":false,"log_type":"account","traits":{"provider":"email"}}', '2025-09-26 15:09:26.458164+00', ''),
	('00000000-0000-0000-0000-000000000000', 'e406041f-d210-4a12-a8bc-bee8e48f1cb1', '{"action":"logout","actor_id":"48a60ee4-64be-4b05-870f-bbd475023e67","actor_name":"Admin Sistema","actor_username":"admin@gradgate.com","actor_via_sso":false,"log_type":"account"}', '2025-09-26 15:27:45.514835+00', ''),
	('00000000-0000-0000-0000-000000000000', '57590703-ef2b-49ff-9b6b-6e3727231324', '{"action":"login","actor_id":"e28c30f1-590d-4da2-ae23-0ec986fecaf1","actor_name":"Pedro Estudante","actor_username":"aluno@gradgate.com","actor_via_sso":false,"log_type":"account","traits":{"provider":"email"}}', '2025-09-26 15:27:57.247311+00', ''),
	('00000000-0000-0000-0000-000000000000', '8c4893bb-7266-4ebb-8222-7dd29eb835bf', '{"action":"logout","actor_id":"e28c30f1-590d-4da2-ae23-0ec986fecaf1","actor_name":"Pedro Estudante","actor_username":"aluno@gradgate.com","actor_via_sso":false,"log_type":"account"}', '2025-09-26 15:29:12.573662+00', ''),
	('00000000-0000-0000-0000-000000000000', '06ac3267-c5da-4f04-abc5-3b7ce6d0ec36', '{"action":"login","actor_id":"e25c56b5-80ad-4784-8060-288c6e1a6d57","actor_name":"Ana Colaboradora","actor_username":"colaborador@gradgate.com","actor_via_sso":false,"log_type":"account","traits":{"provider":"email"}}', '2025-09-26 15:29:23.506629+00', ''),
	('00000000-0000-0000-0000-000000000000', '1f028d6c-1213-4509-adb5-07fbaeeb08f9', '{"action":"logout","actor_id":"e25c56b5-80ad-4784-8060-288c6e1a6d57","actor_name":"Ana Colaboradora","actor_username":"colaborador@gradgate.com","actor_via_sso":false,"log_type":"account"}', '2025-09-26 15:29:30.953857+00', ''),
	('00000000-0000-0000-0000-000000000000', '8deb9947-c231-40c3-a4b7-3c0d6fbe30e6', '{"action":"login","actor_id":"48a60ee4-64be-4b05-870f-bbd475023e67","actor_name":"Admin Sistema","actor_username":"admin@gradgate.com","actor_via_sso":false,"log_type":"account","traits":{"provider":"email"}}', '2025-09-26 15:29:34.418859+00', ''),
	('00000000-0000-0000-0000-000000000000', 'ba98b7bb-deba-4257-9802-46d7a916af99', '{"action":"login","actor_id":"559f26dd-7a83-49c1-be50-62531260e98d","actor_username":"admin_geral@teste.com","actor_via_sso":false,"log_type":"account","traits":{"provider":"email"}}', '2025-09-26 16:14:57.144459+00', ''),
	('00000000-0000-0000-0000-000000000000', '0f6c2294-dc0d-403d-acca-c842fc1e1819', '{"action":"logout","actor_id":"48a60ee4-64be-4b05-870f-bbd475023e67","actor_name":"Admin Sistema","actor_username":"admin@gradgate.com","actor_via_sso":false,"log_type":"account"}', '2025-09-26 16:17:00.77664+00', ''),
	('00000000-0000-0000-0000-000000000000', 'fd0070b8-06c2-46e6-a7a5-de703fb35745', '{"action":"login","actor_id":"f116b809-b80f-41a0-9318-6a1d4a6aed1f","actor_name":"Jorge","actor_username":"personal.j.a@outlook.com","actor_via_sso":false,"log_type":"account","traits":{"provider":"email"}}', '2025-09-26 16:17:09.475686+00', ''),
	('00000000-0000-0000-0000-000000000000', '5ceb246b-fce2-445e-a516-eec9db4a7f2d', '{"action":"logout","actor_id":"f116b809-b80f-41a0-9318-6a1d4a6aed1f","actor_name":"Jorge","actor_username":"personal.j.a@outlook.com","actor_via_sso":false,"log_type":"account"}', '2025-09-26 16:17:28.328651+00', ''),
	('00000000-0000-0000-0000-000000000000', 'b68a442a-dffc-4fef-ba6a-8e3ca7604a8b', '{"action":"login","actor_id":"48a60ee4-64be-4b05-870f-bbd475023e67","actor_name":"Admin Sistema","actor_username":"admin@gradgate.com","actor_via_sso":false,"log_type":"account","traits":{"provider":"email"}}', '2025-09-26 16:17:35.142059+00', ''),
	('00000000-0000-0000-0000-000000000000', '6faf0371-2921-4fa4-a7bb-dbd25a2db9f2', '{"action":"logout","actor_id":"48a60ee4-64be-4b05-870f-bbd475023e67","actor_name":"Admin Sistema","actor_username":"admin@gradgate.com","actor_via_sso":false,"log_type":"account"}', '2025-09-26 16:18:12.62341+00', ''),
	('00000000-0000-0000-0000-000000000000', '00f02a63-b42e-46b9-a680-24e11b05d765', '{"action":"login","actor_id":"48a60ee4-64be-4b05-870f-bbd475023e67","actor_name":"Admin Sistema","actor_username":"admin@gradgate.com","actor_via_sso":false,"log_type":"account","traits":{"provider":"email"}}', '2025-09-26 16:18:26.52887+00', ''),
	('00000000-0000-0000-0000-000000000000', '763c1227-8d9f-4e0b-ae71-9aec4f198849', '{"action":"user_deleted","actor_id":"00000000-0000-0000-0000-000000000000","actor_username":"service_role","actor_via_sso":false,"log_type":"team","traits":{"user_email":"teste@teste.com","user_id":"051c42f3-2243-4a0e-81e7-ed57ead0174a","user_phone":""}}', '2025-09-26 16:20:32.092572+00', ''),
	('00000000-0000-0000-0000-000000000000', '6b2e4d1c-4e59-46a9-9034-9f272d608f9d', '{"action":"logout","actor_id":"48a60ee4-64be-4b05-870f-bbd475023e67","actor_name":"Admin Sistema","actor_username":"admin@gradgate.com","actor_via_sso":false,"log_type":"account"}', '2025-09-26 16:21:34.351843+00', ''),
	('00000000-0000-0000-0000-000000000000', '48b4768c-bdb3-4647-b6a9-ab6cc995963c', '{"action":"login","actor_id":"f116b809-b80f-41a0-9318-6a1d4a6aed1f","actor_name":"Jorge","actor_username":"personal.j.a@outlook.com","actor_via_sso":false,"log_type":"account","traits":{"provider":"email"}}', '2025-09-26 16:21:40.599263+00', ''),
	('00000000-0000-0000-0000-000000000000', '13668667-4276-4b89-b384-a7bb976c1b44', '{"action":"logout","actor_id":"f116b809-b80f-41a0-9318-6a1d4a6aed1f","actor_name":"Jorge","actor_username":"personal.j.a@outlook.com","actor_via_sso":false,"log_type":"account"}', '2025-09-26 16:22:18.390954+00', ''),
	('00000000-0000-0000-0000-000000000000', '6d6fd7a4-6d67-4121-b5c0-0f6051ab6642', '{"action":"login","actor_id":"48a60ee4-64be-4b05-870f-bbd475023e67","actor_name":"Admin Sistema","actor_username":"admin@gradgate.com","actor_via_sso":false,"log_type":"account","traits":{"provider":"email"}}', '2025-09-26 16:22:20.851+00', ''),
	('00000000-0000-0000-0000-000000000000', 'b270b7b2-d730-4add-bebf-dc0d11c7cb01', '{"action":"logout","actor_id":"48a60ee4-64be-4b05-870f-bbd475023e67","actor_name":"Admin Sistema","actor_username":"admin@gradgate.com","actor_via_sso":false,"log_type":"account"}', '2025-09-26 16:36:58.094142+00', ''),
	('00000000-0000-0000-0000-000000000000', '85b0607a-53f4-4545-8bba-76448c2face0', '{"action":"login","actor_id":"f116b809-b80f-41a0-9318-6a1d4a6aed1f","actor_name":"Jorge","actor_username":"personal.j.a@outlook.com","actor_via_sso":false,"log_type":"account","traits":{"provider":"email"}}', '2025-09-26 16:37:04.174769+00', ''),
	('00000000-0000-0000-0000-000000000000', '7d4ab06e-e9a3-412c-aeef-30d5a439c0cf', '{"action":"logout","actor_id":"f116b809-b80f-41a0-9318-6a1d4a6aed1f","actor_name":"Jorge","actor_username":"personal.j.a@outlook.com","actor_via_sso":false,"log_type":"account"}', '2025-09-26 16:37:32.024552+00', ''),
	('00000000-0000-0000-0000-000000000000', 'b4033a80-3817-40c3-b22a-f51e38c71a0b', '{"action":"login","actor_id":"48a60ee4-64be-4b05-870f-bbd475023e67","actor_name":"Admin Sistema","actor_username":"admin@gradgate.com","actor_via_sso":false,"log_type":"account","traits":{"provider":"email"}}', '2025-09-26 16:37:35.071659+00', ''),
	('00000000-0000-0000-0000-000000000000', 'cf0f4235-1abf-40e5-85e5-6917f56a4191', '{"action":"logout","actor_id":"48a60ee4-64be-4b05-870f-bbd475023e67","actor_name":"Admin Sistema","actor_username":"admin@gradgate.com","actor_via_sso":false,"log_type":"account"}', '2025-09-26 16:37:51.926626+00', ''),
	('00000000-0000-0000-0000-000000000000', 'b1a86ce6-375e-4497-a877-8c1e3784b5b5', '{"action":"login","actor_id":"e25c56b5-80ad-4784-8060-288c6e1a6d57","actor_name":"Ana Colaboradora","actor_username":"colaborador@gradgate.com","actor_via_sso":false,"log_type":"account","traits":{"provider":"email"}}', '2025-09-26 16:37:58.60405+00', ''),
	('00000000-0000-0000-0000-000000000000', '00385d83-1c51-46b4-9d5c-eb18b9361b8f', '{"action":"logout","actor_id":"e25c56b5-80ad-4784-8060-288c6e1a6d57","actor_name":"Ana Colaboradora","actor_username":"colaborador@gradgate.com","actor_via_sso":false,"log_type":"account"}', '2025-09-26 16:38:09.9473+00', ''),
	('00000000-0000-0000-0000-000000000000', '3eea866d-0e67-42c1-b5e1-6477101ae2a0', '{"action":"login","actor_id":"48a60ee4-64be-4b05-870f-bbd475023e67","actor_name":"Admin Sistema","actor_username":"admin@gradgate.com","actor_via_sso":false,"log_type":"account","traits":{"provider":"email"}}', '2025-09-26 16:38:26.719454+00', ''),
	('00000000-0000-0000-0000-000000000000', 'dac18ca6-5ab5-495d-b3f0-bc6c82b88298', '{"action":"logout","actor_id":"48a60ee4-64be-4b05-870f-bbd475023e67","actor_name":"Admin Sistema","actor_username":"admin@gradgate.com","actor_via_sso":false,"log_type":"account"}', '2025-09-26 16:40:27.108244+00', ''),
	('00000000-0000-0000-0000-000000000000', 'ba6a09eb-70e7-410a-81d7-4c84403f888b', '{"action":"login","actor_id":"f116b809-b80f-41a0-9318-6a1d4a6aed1f","actor_name":"Jorge","actor_username":"personal.j.a@outlook.com","actor_via_sso":false,"log_type":"account","traits":{"provider":"email"}}', '2025-09-26 16:40:32.191352+00', ''),
	('00000000-0000-0000-0000-000000000000', 'a8322dee-3340-43d9-be40-1ad83de4b136', '{"action":"logout","actor_id":"f116b809-b80f-41a0-9318-6a1d4a6aed1f","actor_name":"Jorge","actor_username":"personal.j.a@outlook.com","actor_via_sso":false,"log_type":"account"}', '2025-09-26 16:41:00.578521+00', ''),
	('00000000-0000-0000-0000-000000000000', 'fef98178-7e50-429d-9ef5-974b185e31be', '{"action":"login","actor_id":"48a60ee4-64be-4b05-870f-bbd475023e67","actor_name":"Admin Sistema","actor_username":"admin@gradgate.com","actor_via_sso":false,"log_type":"account","traits":{"provider":"email"}}', '2025-09-26 16:41:04.223692+00', ''),
	('00000000-0000-0000-0000-000000000000', '55241e49-81a8-4afe-9601-384fe0001dbe', '{"action":"logout","actor_id":"48a60ee4-64be-4b05-870f-bbd475023e67","actor_name":"Admin Sistema","actor_username":"admin@gradgate.com","actor_via_sso":false,"log_type":"account"}', '2025-09-26 16:42:05.878443+00', ''),
	('00000000-0000-0000-0000-000000000000', '79c63328-16e0-404c-8092-d7ffca51db71', '{"action":"login","actor_id":"f116b809-b80f-41a0-9318-6a1d4a6aed1f","actor_name":"Jorge","actor_username":"personal.j.a@outlook.com","actor_via_sso":false,"log_type":"account","traits":{"provider":"email"}}', '2025-09-26 16:42:09.026649+00', ''),
	('00000000-0000-0000-0000-000000000000', '1c6fd7ed-bc56-4eae-a3f1-a4bc63912b8c', '{"action":"login","actor_id":"559f26dd-7a83-49c1-be50-62531260e98d","actor_username":"admin_geral@teste.com","actor_via_sso":false,"log_type":"account","traits":{"provider":"email"}}', '2025-09-26 17:11:09.527626+00', ''),
	('00000000-0000-0000-0000-000000000000', 'fb438d6f-9d5d-485f-aac4-7ccf7a290606', '{"action":"logout","actor_id":"559f26dd-7a83-49c1-be50-62531260e98d","actor_username":"admin_geral@teste.com","actor_via_sso":false,"log_type":"account"}', '2025-09-26 17:14:21.724112+00', ''),
	('00000000-0000-0000-0000-000000000000', '790790c6-9b89-4c61-a01c-206f8a176cd6', '{"action":"login","actor_id":"f116b809-b80f-41a0-9318-6a1d4a6aed1f","actor_name":"Jorge","actor_username":"personal.j.a@outlook.com","actor_via_sso":false,"log_type":"account","traits":{"provider":"email"}}', '2025-09-26 17:17:08.9865+00', ''),
	('00000000-0000-0000-0000-000000000000', '12a4e998-1cc8-4f18-a6de-2e5ca9cf3c7f', '{"action":"logout","actor_id":"f116b809-b80f-41a0-9318-6a1d4a6aed1f","actor_name":"Jorge","actor_username":"personal.j.a@outlook.com","actor_via_sso":false,"log_type":"account"}', '2025-09-26 17:22:31.889638+00', ''),
	('00000000-0000-0000-0000-000000000000', 'c22efbdd-dd00-4e12-82d6-950ff330e576', '{"action":"login","actor_id":"f116b809-b80f-41a0-9318-6a1d4a6aed1f","actor_name":"Jorge","actor_username":"personal.j.a@outlook.com","actor_via_sso":false,"log_type":"account","traits":{"provider":"email"}}', '2025-09-26 17:22:36.436736+00', ''),
	('00000000-0000-0000-0000-000000000000', '241d45c8-6911-4cc6-959c-e3d74189a1c3', '{"action":"logout","actor_id":"f116b809-b80f-41a0-9318-6a1d4a6aed1f","actor_name":"Jorge","actor_username":"personal.j.a@outlook.com","actor_via_sso":false,"log_type":"account"}', '2025-09-26 17:22:41.870031+00', ''),
	('00000000-0000-0000-0000-000000000000', 'ba9792b9-d21b-4cc8-830c-33176b9fbf19', '{"action":"login","actor_id":"559f26dd-7a83-49c1-be50-62531260e98d","actor_username":"admin_geral@teste.com","actor_via_sso":false,"log_type":"account","traits":{"provider":"email"}}', '2025-09-26 17:23:19.915359+00', ''),
	('00000000-0000-0000-0000-000000000000', '1e3de4f4-5e32-4232-8d42-ce60ab3051c3', '{"action":"login","actor_id":"f116b809-b80f-41a0-9318-6a1d4a6aed1f","actor_name":"Jorge","actor_username":"personal.j.a@outlook.com","actor_via_sso":false,"log_type":"account","traits":{"provider":"email"}}', '2025-09-26 17:23:43.350777+00', ''),
	('00000000-0000-0000-0000-000000000000', '51bf0853-bdbd-49ca-a3e6-22058316b16d', '{"action":"logout","actor_id":"f116b809-b80f-41a0-9318-6a1d4a6aed1f","actor_name":"Jorge","actor_username":"personal.j.a@outlook.com","actor_via_sso":false,"log_type":"account"}', '2025-09-26 17:25:56.292338+00', ''),
	('00000000-0000-0000-0000-000000000000', 'dded6dd2-afb3-4c43-9ccc-8673461833f8', '{"action":"login","actor_id":"f116b809-b80f-41a0-9318-6a1d4a6aed1f","actor_name":"Jorge","actor_username":"personal.j.a@outlook.com","actor_via_sso":false,"log_type":"account","traits":{"provider":"email"}}', '2025-09-26 17:26:01.041058+00', ''),
	('00000000-0000-0000-0000-000000000000', '863356b8-da55-436d-9eb7-b41fd39afc54', '{"action":"logout","actor_id":"f116b809-b80f-41a0-9318-6a1d4a6aed1f","actor_name":"Jorge","actor_username":"personal.j.a@outlook.com","actor_via_sso":false,"log_type":"account"}', '2025-09-26 17:26:05.681918+00', ''),
	('00000000-0000-0000-0000-000000000000', '9fc947f4-d284-4320-a5a6-4bd856d5c4f3', '{"action":"login","actor_id":"f116b809-b80f-41a0-9318-6a1d4a6aed1f","actor_name":"Jorge","actor_username":"personal.j.a@outlook.com","actor_via_sso":false,"log_type":"account","traits":{"provider":"email"}}', '2025-09-26 17:33:46.022955+00', ''),
	('00000000-0000-0000-0000-000000000000', 'f8dc02fc-ddaa-4561-8fcf-69f2b1023146', '{"action":"logout","actor_id":"f116b809-b80f-41a0-9318-6a1d4a6aed1f","actor_name":"Jorge","actor_username":"personal.j.a@outlook.com","actor_via_sso":false,"log_type":"account"}', '2025-09-26 17:35:32.513855+00', ''),
	('00000000-0000-0000-0000-000000000000', '80d9ad85-81e0-4f40-b9d5-ea05ce219475', '{"action":"login","actor_id":"559f26dd-7a83-49c1-be50-62531260e98d","actor_username":"admin_geral@teste.com","actor_via_sso":false,"log_type":"account","traits":{"provider":"email"}}', '2025-09-26 17:36:41.121438+00', ''),
	('00000000-0000-0000-0000-000000000000', '230e35ba-7a7b-4bac-8019-2a837f60d54d', '{"action":"logout","actor_id":"559f26dd-7a83-49c1-be50-62531260e98d","actor_username":"admin_geral@teste.com","actor_via_sso":false,"log_type":"account"}', '2025-09-26 17:44:23.891754+00', ''),
	('00000000-0000-0000-0000-000000000000', '7581795f-4013-426b-abe9-0bd060416982', '{"action":"login","actor_id":"f116b809-b80f-41a0-9318-6a1d4a6aed1f","actor_name":"Jorge","actor_username":"personal.j.a@outlook.com","actor_via_sso":false,"log_type":"account","traits":{"provider":"email"}}', '2025-09-26 17:44:34.563871+00', ''),
	('00000000-0000-0000-0000-000000000000', '505b6ac0-f768-43df-ba16-b27c368ac1c5', '{"action":"logout","actor_id":"f116b809-b80f-41a0-9318-6a1d4a6aed1f","actor_name":"Jorge","actor_username":"personal.j.a@outlook.com","actor_via_sso":false,"log_type":"account"}', '2025-09-26 17:44:41.24965+00', ''),
	('00000000-0000-0000-0000-000000000000', '85f75764-3dff-4383-ac34-69277742f15f', '{"action":"login","actor_id":"f116b809-b80f-41a0-9318-6a1d4a6aed1f","actor_name":"Jorge","actor_username":"personal.j.a@outlook.com","actor_via_sso":false,"log_type":"account","traits":{"provider":"email"}}', '2025-09-26 17:45:39.479664+00', ''),
	('00000000-0000-0000-0000-000000000000', '9e86bf4f-775d-47ec-aff0-990a3911db18', '{"action":"logout","actor_id":"f116b809-b80f-41a0-9318-6a1d4a6aed1f","actor_name":"Jorge","actor_username":"personal.j.a@outlook.com","actor_via_sso":false,"log_type":"account"}', '2025-09-26 17:46:08.111169+00', ''),
	('00000000-0000-0000-0000-000000000000', '7abc5a66-91ba-4b96-bc45-d902a49e860b', '{"action":"login","actor_id":"e25c56b5-80ad-4784-8060-288c6e1a6d57","actor_name":"Ana Colaboradora","actor_username":"colaborador@gradgate.com","actor_via_sso":false,"log_type":"account","traits":{"provider":"email"}}', '2025-09-26 17:46:38.203574+00', ''),
	('00000000-0000-0000-0000-000000000000', '87b854d9-d2ea-4736-a148-60486398617e', '{"action":"logout","actor_id":"e25c56b5-80ad-4784-8060-288c6e1a6d57","actor_name":"Ana Colaboradora","actor_username":"colaborador@gradgate.com","actor_via_sso":false,"log_type":"account"}', '2025-09-26 17:46:59.280034+00', ''),
	('00000000-0000-0000-0000-000000000000', 'cca3923c-026b-411d-a152-386ece6b484e', '{"action":"login","actor_id":"870558d4-cb8e-4051-97f5-f9309ee4a9e8","actor_name":"Maria Gestora","actor_username":"gestor@gradgate.com","actor_via_sso":false,"log_type":"account","traits":{"provider":"email"}}', '2025-09-26 17:47:11.371937+00', ''),
	('00000000-0000-0000-0000-000000000000', '42d4a765-c728-4b44-90b8-7979a36f5bb6', '{"action":"logout","actor_id":"870558d4-cb8e-4051-97f5-f9309ee4a9e8","actor_name":"Maria Gestora","actor_username":"gestor@gradgate.com","actor_via_sso":false,"log_type":"account"}', '2025-09-26 17:47:57.742901+00', ''),
	('00000000-0000-0000-0000-000000000000', '704b04b1-b41a-432d-95d6-d92e483db7f2', '{"action":"login","actor_id":"03c3be5e-96c6-48eb-915b-a45ea217b78e","actor_name":"João Vendedor","actor_username":"vendedor@gradgate.com","actor_via_sso":false,"log_type":"account","traits":{"provider":"email"}}', '2025-09-26 17:48:13.424373+00', ''),
	('00000000-0000-0000-0000-000000000000', '9a5a99b3-1b8e-40aa-95fc-394fb4b1813c', '{"action":"logout","actor_id":"03c3be5e-96c6-48eb-915b-a45ea217b78e","actor_name":"João Vendedor","actor_username":"vendedor@gradgate.com","actor_via_sso":false,"log_type":"account"}', '2025-09-26 17:48:43.378658+00', ''),
	('00000000-0000-0000-0000-000000000000', '0f5d748c-8ab1-425a-afcb-02bf3cd1a1bd', '{"action":"login","actor_id":"559f26dd-7a83-49c1-be50-62531260e98d","actor_username":"admin_geral@teste.com","actor_via_sso":false,"log_type":"account","traits":{"provider":"email"}}', '2025-09-26 17:50:04.626861+00', ''),
	('00000000-0000-0000-0000-000000000000', '32076d9c-bdaa-49a2-bf37-41909005b6d5', '{"action":"login","actor_id":"559f26dd-7a83-49c1-be50-62531260e98d","actor_username":"admin_geral@teste.com","actor_via_sso":false,"log_type":"account","traits":{"provider":"email"}}', '2025-09-26 18:47:19.084118+00', ''),
	('00000000-0000-0000-0000-000000000000', 'ed88f9ff-4ec0-4a47-adff-b22958007180', '{"action":"logout","actor_id":"559f26dd-7a83-49c1-be50-62531260e98d","actor_username":"admin_geral@teste.com","actor_via_sso":false,"log_type":"account"}', '2025-09-26 19:26:26.249747+00', ''),
	('00000000-0000-0000-0000-000000000000', '75fc8414-9fa3-4574-9dc0-c2001c5a8f6b', '{"action":"login","actor_id":"f116b809-b80f-41a0-9318-6a1d4a6aed1f","actor_name":"Jorge","actor_username":"personal.j.a@outlook.com","actor_via_sso":false,"log_type":"account","traits":{"provider":"email"}}', '2025-09-26 19:26:30.182162+00', ''),
	('00000000-0000-0000-0000-000000000000', 'ece22b14-a327-406c-ab35-1ffc243bf0d2', '{"action":"logout","actor_id":"f116b809-b80f-41a0-9318-6a1d4a6aed1f","actor_name":"Jorge","actor_username":"personal.j.a@outlook.com","actor_via_sso":false,"log_type":"account"}', '2025-09-26 19:27:10.777323+00', ''),
	('00000000-0000-0000-0000-000000000000', 'a67839ca-8ee2-4b2b-bd5d-58f2873394b2', '{"action":"login","actor_id":"559f26dd-7a83-49c1-be50-62531260e98d","actor_username":"admin_geral@teste.com","actor_via_sso":false,"log_type":"account","traits":{"provider":"email"}}', '2025-09-26 19:27:21.578992+00', ''),
	('00000000-0000-0000-0000-000000000000', '21980974-5dfe-41a1-9b15-002665ea02e0', '{"action":"logout","actor_id":"559f26dd-7a83-49c1-be50-62531260e98d","actor_username":"admin_geral@teste.com","actor_via_sso":false,"log_type":"account"}', '2025-09-26 19:28:34.634523+00', ''),
	('00000000-0000-0000-0000-000000000000', '4b0ca581-6e67-4402-95d4-6490a3b9eb3e', '{"action":"login","actor_id":"f116b809-b80f-41a0-9318-6a1d4a6aed1f","actor_name":"Jorge","actor_username":"personal.j.a@outlook.com","actor_via_sso":false,"log_type":"account","traits":{"provider":"email"}}', '2025-09-26 19:28:39.559786+00', ''),
	('00000000-0000-0000-0000-000000000000', '376b4a09-1026-467b-85b4-b3e3b3519a39', '{"action":"logout","actor_id":"f116b809-b80f-41a0-9318-6a1d4a6aed1f","actor_name":"Jorge","actor_username":"personal.j.a@outlook.com","actor_via_sso":false,"log_type":"account"}', '2025-09-26 19:29:56.226361+00', ''),
	('00000000-0000-0000-0000-000000000000', '241701a0-a9db-402d-9561-541c25e63fe1', '{"action":"login","actor_id":"559f26dd-7a83-49c1-be50-62531260e98d","actor_username":"admin_geral@teste.com","actor_via_sso":false,"log_type":"account","traits":{"provider":"email"}}', '2025-09-26 19:30:03.193335+00', ''),
	('00000000-0000-0000-0000-000000000000', '22e8e105-ec98-4b74-8ddd-26d95facd7fd', '{"action":"login","actor_id":"559f26dd-7a83-49c1-be50-62531260e98d","actor_username":"admin_geral@teste.com","actor_via_sso":false,"log_type":"account","traits":{"provider":"email"}}', '2025-09-26 20:41:31.102121+00', ''),
	('00000000-0000-0000-0000-000000000000', 'f823014e-2614-44c8-950c-adaa21b344cb', '{"action":"user_signedup","actor_id":"00000000-0000-0000-0000-000000000000","actor_username":"service_role","actor_via_sso":false,"log_type":"team","traits":{"provider":"email","user_email":"teste@teste.com","user_id":"14b4147a-10be-40bb-981f-ecc21d2817c5","user_phone":""}}', '2025-09-26 20:42:04.12858+00', ''),
	('00000000-0000-0000-0000-000000000000', '77ec053e-a16b-455e-b2e1-1c6750643299', '{"action":"logout","actor_id":"559f26dd-7a83-49c1-be50-62531260e98d","actor_username":"admin_geral@teste.com","actor_via_sso":false,"log_type":"account"}', '2025-09-26 20:42:06.860861+00', ''),
	('00000000-0000-0000-0000-000000000000', '025bc595-a6ce-4ba8-9231-db8a9225a2b7', '{"action":"login","actor_id":"14b4147a-10be-40bb-981f-ecc21d2817c5","actor_name":"JORGE AUGUSTO ALVES DOS SANTOS","actor_username":"teste@teste.com","actor_via_sso":false,"log_type":"account","traits":{"provider":"email"}}', '2025-09-26 20:42:11.333564+00', ''),
	('00000000-0000-0000-0000-000000000000', '24d99d87-18d3-4303-bf93-7c46db0ac5b2', '{"action":"login","actor_id":"559f26dd-7a83-49c1-be50-62531260e98d","actor_username":"admin_geral@teste.com","actor_via_sso":false,"log_type":"account","traits":{"provider":"email"}}', '2025-09-27 10:58:12.10467+00', ''),
	('00000000-0000-0000-0000-000000000000', '6b5322d7-6d43-4ab5-b6e7-d417189b3e6c', '{"action":"logout","actor_id":"559f26dd-7a83-49c1-be50-62531260e98d","actor_username":"admin_geral@teste.com","actor_via_sso":false,"log_type":"account"}', '2025-09-27 11:03:56.531052+00', ''),
	('00000000-0000-0000-0000-000000000000', 'abcfef32-06c9-42b4-8a79-875e0527e50f', '{"action":"login","actor_id":"f116b809-b80f-41a0-9318-6a1d4a6aed1f","actor_name":"Jorge","actor_username":"personal.j.a@outlook.com","actor_via_sso":false,"log_type":"account","traits":{"provider":"email"}}', '2025-09-27 11:03:59.981439+00', ''),
	('00000000-0000-0000-0000-000000000000', '1e1200b3-3783-4d5f-916e-f651312b30ce', '{"action":"logout","actor_id":"f116b809-b80f-41a0-9318-6a1d4a6aed1f","actor_name":"Jorge","actor_username":"personal.j.a@outlook.com","actor_via_sso":false,"log_type":"account"}', '2025-09-27 11:06:57.71863+00', ''),
	('00000000-0000-0000-0000-000000000000', 'e6de0391-0a2a-438d-928b-4ac74127d6c3', '{"action":"login","actor_id":"559f26dd-7a83-49c1-be50-62531260e98d","actor_username":"admin_geral@teste.com","actor_via_sso":false,"log_type":"account","traits":{"provider":"email"}}', '2025-09-27 12:29:22.655149+00', ''),
	('00000000-0000-0000-0000-000000000000', '825f568d-0543-417d-89be-aeebaef75ea1', '{"action":"logout","actor_id":"559f26dd-7a83-49c1-be50-62531260e98d","actor_username":"admin_geral@teste.com","actor_via_sso":false,"log_type":"account"}', '2025-09-27 13:14:59.415689+00', ''),
	('00000000-0000-0000-0000-000000000000', 'e95765ce-5911-4cdf-89ab-3d51caea2e92', '{"action":"login","actor_id":"f116b809-b80f-41a0-9318-6a1d4a6aed1f","actor_name":"Jorge","actor_username":"personal.j.a@outlook.com","actor_via_sso":false,"log_type":"account","traits":{"provider":"email"}}', '2025-09-27 13:15:03.810642+00', ''),
	('00000000-0000-0000-0000-000000000000', 'ee833df1-0c79-4d27-8194-583f3b838e97', '{"action":"logout","actor_id":"f116b809-b80f-41a0-9318-6a1d4a6aed1f","actor_name":"Jorge","actor_username":"personal.j.a@outlook.com","actor_via_sso":false,"log_type":"account"}', '2025-09-27 14:02:34.101847+00', ''),
	('00000000-0000-0000-0000-000000000000', '42ad2719-a89c-4119-a44a-f578aed5c943', '{"action":"login","actor_id":"559f26dd-7a83-49c1-be50-62531260e98d","actor_username":"admin_geral@teste.com","actor_via_sso":false,"log_type":"account","traits":{"provider":"email"}}', '2025-09-27 14:02:38.038201+00', ''),
	('00000000-0000-0000-0000-000000000000', '33d29aed-9c37-4cb9-b036-9a7351587533', '{"action":"logout","actor_id":"559f26dd-7a83-49c1-be50-62531260e98d","actor_username":"admin_geral@teste.com","actor_via_sso":false,"log_type":"account"}', '2025-09-27 14:03:23.772703+00', ''),
	('00000000-0000-0000-0000-000000000000', '838ada76-6dc0-48d4-810e-a2ec2be8697d', '{"action":"login","actor_id":"f116b809-b80f-41a0-9318-6a1d4a6aed1f","actor_name":"Jorge","actor_username":"personal.j.a@outlook.com","actor_via_sso":false,"log_type":"account","traits":{"provider":"email"}}', '2025-09-27 14:03:28.47838+00', ''),
	('00000000-0000-0000-0000-000000000000', '9634af01-baa3-4dd3-bb7c-6187656da28b', '{"action":"logout","actor_id":"f116b809-b80f-41a0-9318-6a1d4a6aed1f","actor_name":"Jorge","actor_username":"personal.j.a@outlook.com","actor_via_sso":false,"log_type":"account"}', '2025-09-27 14:05:47.039693+00', ''),
	('00000000-0000-0000-0000-000000000000', '6f7fb0a4-3a81-45e0-9e27-41b7a22dbb71', '{"action":"login","actor_id":"559f26dd-7a83-49c1-be50-62531260e98d","actor_username":"admin_geral@teste.com","actor_via_sso":false,"log_type":"account","traits":{"provider":"email"}}', '2025-09-27 14:05:50.990901+00', ''),
	('00000000-0000-0000-0000-000000000000', '12bd6235-5de7-4448-8daa-b58bcf9eb242', '{"action":"login","actor_id":"f116b809-b80f-41a0-9318-6a1d4a6aed1f","actor_name":"Jorge","actor_username":"personal.j.a@outlook.com","actor_via_sso":false,"log_type":"account","traits":{"provider":"email"}}', '2025-09-27 14:14:07.871675+00', ''),
	('00000000-0000-0000-0000-000000000000', '906acf08-d78b-4bda-92be-c8a38a3b0027', '{"action":"user_recovery_requested","actor_id":"f116b809-b80f-41a0-9318-6a1d4a6aed1f","actor_name":"Jorge","actor_username":"personal.j.a@outlook.com","actor_via_sso":false,"log_type":"user"}', '2025-09-27 14:25:03.075791+00', ''),
	('00000000-0000-0000-0000-000000000000', '873ee8ce-a2a7-4f74-8db4-253c935d0c5b', '{"action":"login","actor_id":"f116b809-b80f-41a0-9318-6a1d4a6aed1f","actor_name":"Jorge","actor_username":"personal.j.a@outlook.com","actor_via_sso":false,"log_type":"account"}', '2025-09-27 14:25:03.333333+00', ''),
	('00000000-0000-0000-0000-000000000000', 'dc968159-f63d-4d72-a36a-8ac7bc184e2c', '{"action":"user_recovery_requested","actor_id":"f116b809-b80f-41a0-9318-6a1d4a6aed1f","actor_name":"Jorge","actor_username":"personal.j.a@outlook.com","actor_via_sso":false,"log_type":"user"}', '2025-09-27 14:25:22.506569+00', ''),
	('00000000-0000-0000-0000-000000000000', 'a92d06f7-1213-4ec3-b101-9dbc74d7e1db', '{"action":"login","actor_id":"f116b809-b80f-41a0-9318-6a1d4a6aed1f","actor_name":"Jorge","actor_username":"personal.j.a@outlook.com","actor_via_sso":false,"log_type":"account"}', '2025-09-27 14:25:22.62513+00', ''),
	('00000000-0000-0000-0000-000000000000', 'cd47f780-f84f-4778-b843-d4ade0207207', '{"action":"user_recovery_requested","actor_id":"f116b809-b80f-41a0-9318-6a1d4a6aed1f","actor_name":"Jorge","actor_username":"personal.j.a@outlook.com","actor_via_sso":false,"log_type":"user"}', '2025-09-27 14:36:46.320475+00', ''),
	('00000000-0000-0000-0000-000000000000', '94e04d58-48f9-460a-b216-6f560ae9fa4d', '{"action":"login","actor_id":"f116b809-b80f-41a0-9318-6a1d4a6aed1f","actor_name":"Jorge","actor_username":"personal.j.a@outlook.com","actor_via_sso":false,"log_type":"account"}', '2025-09-27 14:36:46.557512+00', ''),
	('00000000-0000-0000-0000-000000000000', 'edb36f5d-2d86-4aee-b627-a592c4129ae1', '{"action":"user_recovery_requested","actor_id":"f116b809-b80f-41a0-9318-6a1d4a6aed1f","actor_name":"Jorge","actor_username":"personal.j.a@outlook.com","actor_via_sso":false,"log_type":"user"}', '2025-09-27 14:37:31.340633+00', ''),
	('00000000-0000-0000-0000-000000000000', '348acb38-217d-4516-9535-777190be79bb', '{"action":"login","actor_id":"f116b809-b80f-41a0-9318-6a1d4a6aed1f","actor_name":"Jorge","actor_username":"personal.j.a@outlook.com","actor_via_sso":false,"log_type":"account"}', '2025-09-27 14:37:31.460742+00', ''),
	('00000000-0000-0000-0000-000000000000', 'aa9ace57-564b-4a7c-bfa5-73ac7bffec79', '{"action":"user_recovery_requested","actor_id":"f116b809-b80f-41a0-9318-6a1d4a6aed1f","actor_name":"Jorge","actor_username":"personal.j.a@outlook.com","actor_via_sso":false,"log_type":"user"}', '2025-09-27 14:40:51.222519+00', ''),
	('00000000-0000-0000-0000-000000000000', '07944105-8016-49f1-b712-c4a135723bf2', '{"action":"login","actor_id":"f116b809-b80f-41a0-9318-6a1d4a6aed1f","actor_name":"Jorge","actor_username":"personal.j.a@outlook.com","actor_via_sso":false,"log_type":"account"}', '2025-09-27 14:40:51.338325+00', ''),
	('00000000-0000-0000-0000-000000000000', '76c68835-984e-488f-ac2b-401f539c3f33', '{"action":"user_recovery_requested","actor_id":"f116b809-b80f-41a0-9318-6a1d4a6aed1f","actor_name":"Jorge","actor_username":"personal.j.a@outlook.com","actor_via_sso":false,"log_type":"user"}', '2025-09-27 14:42:23.16549+00', ''),
	('00000000-0000-0000-0000-000000000000', 'b5b5cc98-2e9d-4716-b1a8-e91139dd1077', '{"action":"login","actor_id":"f116b809-b80f-41a0-9318-6a1d4a6aed1f","actor_name":"Jorge","actor_username":"personal.j.a@outlook.com","actor_via_sso":false,"log_type":"account"}', '2025-09-27 14:42:23.398847+00', ''),
	('00000000-0000-0000-0000-000000000000', '2876861d-8306-40ce-bb12-29a9651cdf9d', '{"action":"user_recovery_requested","actor_id":"f116b809-b80f-41a0-9318-6a1d4a6aed1f","actor_name":"Jorge","actor_username":"personal.j.a@outlook.com","actor_via_sso":false,"log_type":"user"}', '2025-09-27 14:43:17.951667+00', ''),
	('00000000-0000-0000-0000-000000000000', 'cef718c8-251f-4510-94e7-94dcf63d32d2', '{"action":"login","actor_id":"f116b809-b80f-41a0-9318-6a1d4a6aed1f","actor_name":"Jorge","actor_username":"personal.j.a@outlook.com","actor_via_sso":false,"log_type":"account"}', '2025-09-27 14:43:18.221611+00', ''),
	('00000000-0000-0000-0000-000000000000', 'd0de03ed-5218-446e-9c44-14589aaa9fed', '{"action":"login","actor_id":"559f26dd-7a83-49c1-be50-62531260e98d","actor_username":"admin_geral@teste.com","actor_via_sso":false,"log_type":"account","traits":{"provider":"email"}}', '2025-09-27 14:48:13.654597+00', ''),
	('00000000-0000-0000-0000-000000000000', 'feaf9e85-9106-43ef-952b-5c5a0536afd8', '{"action":"logout","actor_id":"559f26dd-7a83-49c1-be50-62531260e98d","actor_username":"admin_geral@teste.com","actor_via_sso":false,"log_type":"account"}', '2025-09-27 14:48:18.537402+00', ''),
	('00000000-0000-0000-0000-000000000000', '584ca863-f462-49ca-a84a-4271cb3698af', '{"action":"login","actor_id":"559f26dd-7a83-49c1-be50-62531260e98d","actor_username":"admin_geral@teste.com","actor_via_sso":false,"log_type":"account","traits":{"provider":"email"}}', '2025-09-27 14:48:24.339945+00', ''),
	('00000000-0000-0000-0000-000000000000', '4ada1aa0-e47e-400a-82a3-1b9f42b91a0a', '{"action":"user_recovery_requested","actor_id":"f116b809-b80f-41a0-9318-6a1d4a6aed1f","actor_name":"Jorge","actor_username":"personal.j.a@outlook.com","actor_via_sso":false,"log_type":"user"}', '2025-09-27 14:48:36.631598+00', ''),
	('00000000-0000-0000-0000-000000000000', '5a4ff104-e382-48c1-8b36-ffeae7af5048', '{"action":"login","actor_id":"f116b809-b80f-41a0-9318-6a1d4a6aed1f","actor_name":"Jorge","actor_username":"personal.j.a@outlook.com","actor_via_sso":false,"log_type":"account"}', '2025-09-27 14:48:37.333215+00', ''),
	('00000000-0000-0000-0000-000000000000', '7e6ad708-27b7-4adc-91be-612d9183b03a', '{"action":"token_refreshed","actor_id":"f116b809-b80f-41a0-9318-6a1d4a6aed1f","actor_name":"Jorge","actor_username":"personal.j.a@outlook.com","actor_via_sso":false,"log_type":"token"}', '2025-09-27 15:17:46.467432+00', ''),
	('00000000-0000-0000-0000-000000000000', 'd82fc0c3-2cb3-413e-a9c3-a50c5fe6017f', '{"action":"token_revoked","actor_id":"f116b809-b80f-41a0-9318-6a1d4a6aed1f","actor_name":"Jorge","actor_username":"personal.j.a@outlook.com","actor_via_sso":false,"log_type":"token"}', '2025-09-27 15:17:46.472491+00', ''),
	('00000000-0000-0000-0000-000000000000', '8fa66646-392c-451c-a103-829147b81adc', '{"action":"login","actor_id":"559f26dd-7a83-49c1-be50-62531260e98d","actor_username":"admin_geral@teste.com","actor_via_sso":false,"log_type":"account","traits":{"provider":"email"}}', '2025-09-27 22:10:31.716603+00', ''),
	('00000000-0000-0000-0000-000000000000', '6b0ab5ee-e599-4c41-b95e-96928e88ed9b', '{"action":"user_recovery_requested","actor_id":"f116b809-b80f-41a0-9318-6a1d4a6aed1f","actor_name":"Jorge","actor_username":"personal.j.a@outlook.com","actor_via_sso":false,"log_type":"user"}', '2025-09-27 22:10:49.335135+00', ''),
	('00000000-0000-0000-0000-000000000000', 'e62c9dce-8302-4411-b1d7-c6e0a8db9046', '{"action":"login","actor_id":"f116b809-b80f-41a0-9318-6a1d4a6aed1f","actor_name":"Jorge","actor_username":"personal.j.a@outlook.com","actor_via_sso":false,"log_type":"account"}', '2025-09-27 22:10:49.677515+00', ''),
	('00000000-0000-0000-0000-000000000000', '3c17acc0-b921-4fb1-bd0a-423391e2c68b', '{"action":"login","actor_id":"559f26dd-7a83-49c1-be50-62531260e98d","actor_username":"admin_geral@teste.com","actor_via_sso":false,"log_type":"account","traits":{"provider":"email"}}', '2025-09-27 22:26:35.494599+00', ''),
	('00000000-0000-0000-0000-000000000000', 'e8b73be8-bf56-45a5-959e-aec89ecc1d69', '{"action":"user_recovery_requested","actor_id":"f116b809-b80f-41a0-9318-6a1d4a6aed1f","actor_name":"Jorge","actor_username":"personal.j.a@outlook.com","actor_via_sso":false,"log_type":"user"}', '2025-09-27 22:26:52.007212+00', ''),
	('00000000-0000-0000-0000-000000000000', '7a65487e-d0bf-4b8a-b3a0-e23e87d2beb7', '{"action":"login","actor_id":"f116b809-b80f-41a0-9318-6a1d4a6aed1f","actor_name":"Jorge","actor_username":"personal.j.a@outlook.com","actor_via_sso":false,"log_type":"account"}', '2025-09-27 22:26:52.519665+00', ''),
	('00000000-0000-0000-0000-000000000000', 'cd40a081-680b-43a6-97f7-f4418d8feb4c', '{"action":"token_refreshed","actor_id":"559f26dd-7a83-49c1-be50-62531260e98d","actor_username":"admin_geral@teste.com","actor_via_sso":false,"log_type":"token"}', '2025-09-27 23:32:24.332841+00', ''),
	('00000000-0000-0000-0000-000000000000', '232d4012-3f94-4b21-82fd-c26bb37b078f', '{"action":"token_revoked","actor_id":"559f26dd-7a83-49c1-be50-62531260e98d","actor_username":"admin_geral@teste.com","actor_via_sso":false,"log_type":"token"}', '2025-09-27 23:32:24.358525+00', ''),
	('00000000-0000-0000-0000-000000000000', 'c51c85b4-9c53-479a-acd3-522da4afd27a', '{"action":"user_recovery_requested","actor_id":"f116b809-b80f-41a0-9318-6a1d4a6aed1f","actor_name":"Jorge","actor_username":"personal.j.a@outlook.com","actor_via_sso":false,"log_type":"user"}', '2025-09-27 23:32:33.344492+00', ''),
	('00000000-0000-0000-0000-000000000000', '95f2661e-033c-44a4-bfa2-eb0232f2d2a5', '{"action":"login","actor_id":"f116b809-b80f-41a0-9318-6a1d4a6aed1f","actor_name":"Jorge","actor_username":"personal.j.a@outlook.com","actor_via_sso":false,"log_type":"account"}', '2025-09-27 23:32:33.643499+00', ''),
	('00000000-0000-0000-0000-000000000000', 'fa2c4330-4161-4565-a18b-ffeba9b2ed92', '{"action":"user_recovery_requested","actor_id":"f116b809-b80f-41a0-9318-6a1d4a6aed1f","actor_name":"Jorge","actor_username":"personal.j.a@outlook.com","actor_via_sso":false,"log_type":"user"}', '2025-09-27 23:32:41.464341+00', ''),
	('00000000-0000-0000-0000-000000000000', '80d0d861-1ad8-4e26-8c4a-6818ed5a57fd', '{"action":"login","actor_id":"f116b809-b80f-41a0-9318-6a1d4a6aed1f","actor_name":"Jorge","actor_username":"personal.j.a@outlook.com","actor_via_sso":false,"log_type":"account"}', '2025-09-27 23:32:41.634329+00', ''),
	('00000000-0000-0000-0000-000000000000', 'd3734205-4e15-4ec5-8fd6-d4d8603f2466', '{"action":"token_refreshed","actor_id":"559f26dd-7a83-49c1-be50-62531260e98d","actor_username":"admin_geral@teste.com","actor_via_sso":false,"log_type":"token"}', '2025-09-27 23:45:43.4364+00', ''),
	('00000000-0000-0000-0000-000000000000', '6ad6f2cf-f3f7-4ae0-94cb-f73e09d79c1a', '{"action":"token_revoked","actor_id":"559f26dd-7a83-49c1-be50-62531260e98d","actor_username":"admin_geral@teste.com","actor_via_sso":false,"log_type":"token"}', '2025-09-27 23:45:43.439382+00', ''),
	('00000000-0000-0000-0000-000000000000', 'd481ecc2-9c5c-4943-9b00-45ad0faadd54', '{"action":"user_recovery_requested","actor_id":"f116b809-b80f-41a0-9318-6a1d4a6aed1f","actor_name":"Jorge","actor_username":"personal.j.a@outlook.com","actor_via_sso":false,"log_type":"user"}', '2025-09-27 23:45:55.869523+00', ''),
	('00000000-0000-0000-0000-000000000000', '0729231d-0568-4015-9ce4-740852712473', '{"action":"login","actor_id":"f116b809-b80f-41a0-9318-6a1d4a6aed1f","actor_name":"Jorge","actor_username":"personal.j.a@outlook.com","actor_via_sso":false,"log_type":"account"}', '2025-09-27 23:45:56.161959+00', ''),
	('00000000-0000-0000-0000-000000000000', '35ca211b-4fcb-4437-849d-7593260e47f3', '{"action":"user_recovery_requested","actor_id":"f116b809-b80f-41a0-9318-6a1d4a6aed1f","actor_name":"Jorge","actor_username":"personal.j.a@outlook.com","actor_via_sso":false,"log_type":"user"}', '2025-09-27 23:47:24.480022+00', ''),
	('00000000-0000-0000-0000-000000000000', '2dbf81d9-c3fe-4081-a49a-4cdbd3994f2f', '{"action":"login","actor_id":"f116b809-b80f-41a0-9318-6a1d4a6aed1f","actor_name":"Jorge","actor_username":"personal.j.a@outlook.com","actor_via_sso":false,"log_type":"account"}', '2025-09-27 23:47:24.748313+00', ''),
	('00000000-0000-0000-0000-000000000000', 'd5e46fc5-e422-423b-82eb-629e81844c8f', '{"action":"token_refreshed","actor_id":"559f26dd-7a83-49c1-be50-62531260e98d","actor_username":"admin_geral@teste.com","actor_via_sso":false,"log_type":"token"}', '2025-09-28 02:57:57.07619+00', ''),
	('00000000-0000-0000-0000-000000000000', 'aa5cd72a-40d0-4ad7-abc4-72ba5bfe0909', '{"action":"token_revoked","actor_id":"559f26dd-7a83-49c1-be50-62531260e98d","actor_username":"admin_geral@teste.com","actor_via_sso":false,"log_type":"token"}', '2025-09-28 02:57:57.086508+00', ''),
	('00000000-0000-0000-0000-000000000000', 'ee219ce1-339d-4815-971b-a5e246db558b', '{"action":"user_recovery_requested","actor_id":"f116b809-b80f-41a0-9318-6a1d4a6aed1f","actor_name":"Jorge","actor_username":"personal.j.a@outlook.com","actor_via_sso":false,"log_type":"user"}', '2025-09-28 02:58:09.423917+00', ''),
	('00000000-0000-0000-0000-000000000000', '332f5a87-aab5-45e5-aa4d-d35ef0a35bdd', '{"action":"login","actor_id":"f116b809-b80f-41a0-9318-6a1d4a6aed1f","actor_name":"Jorge","actor_username":"personal.j.a@outlook.com","actor_via_sso":false,"log_type":"account"}', '2025-09-28 02:58:09.917143+00', ''),
	('00000000-0000-0000-0000-000000000000', 'cd2d923a-c40e-4066-a4c4-bec7387f2104', '{"action":"login","actor_id":"559f26dd-7a83-49c1-be50-62531260e98d","actor_username":"admin_geral@teste.com","actor_via_sso":false,"log_type":"account","traits":{"provider":"email"}}', '2025-09-29 17:33:27.402514+00', ''),
	('00000000-0000-0000-0000-000000000000', 'c5df4fcd-c57c-4a08-8766-5fd6d6b428ec', '{"action":"user_recovery_requested","actor_id":"f116b809-b80f-41a0-9318-6a1d4a6aed1f","actor_name":"Jorge","actor_username":"personal.j.a@outlook.com","actor_via_sso":false,"log_type":"user"}', '2025-09-29 17:33:43.306628+00', ''),
	('00000000-0000-0000-0000-000000000000', 'c4c2e485-4a4f-467f-a7d8-e859b805ddb9', '{"action":"login","actor_id":"f116b809-b80f-41a0-9318-6a1d4a6aed1f","actor_name":"Jorge","actor_username":"personal.j.a@outlook.com","actor_via_sso":false,"log_type":"account"}', '2025-09-29 17:33:43.71147+00', ''),
	('00000000-0000-0000-0000-000000000000', '0acd41c6-1cf5-45a7-abc2-d7fa7202c725', '{"action":"logout","actor_id":"f116b809-b80f-41a0-9318-6a1d4a6aed1f","actor_name":"Jorge","actor_username":"personal.j.a@outlook.com","actor_via_sso":false,"log_type":"account"}', '2025-09-29 17:34:19.489463+00', ''),
	('00000000-0000-0000-0000-000000000000', '7f217d45-43a6-4070-b28a-bcd661812503', '{"action":"login","actor_id":"559f26dd-7a83-49c1-be50-62531260e98d","actor_username":"admin_geral@teste.com","actor_via_sso":false,"log_type":"account","traits":{"provider":"email"}}', '2025-09-29 17:34:23.769389+00', ''),
	('00000000-0000-0000-0000-000000000000', 'c8a7c9bd-5a0c-46c6-90ed-2b9ef11fec48', '{"action":"token_refreshed","actor_id":"559f26dd-7a83-49c1-be50-62531260e98d","actor_username":"admin_geral@teste.com","actor_via_sso":false,"log_type":"token"}', '2025-10-01 13:15:46.286843+00', ''),
	('00000000-0000-0000-0000-000000000000', '6d0ac7f1-8946-47a5-a47c-b69aa0c8f527', '{"action":"login","actor_id":"f116b809-b80f-41a0-9318-6a1d4a6aed1f","actor_name":"Jorge","actor_username":"personal.j.a@outlook.com","actor_via_sso":false,"log_type":"account","traits":{"provider":"email"}}', '2025-09-29 17:48:23.109222+00', ''),
	('00000000-0000-0000-0000-000000000000', 'a0ca26ec-19ed-4eea-aa17-0a0d50eec978', '{"action":"user_recovery_requested","actor_id":"f116b809-b80f-41a0-9318-6a1d4a6aed1f","actor_name":"Jorge","actor_username":"personal.j.a@outlook.com","actor_via_sso":false,"log_type":"user"}', '2025-09-29 17:51:01.58746+00', ''),
	('00000000-0000-0000-0000-000000000000', '5123720f-d35a-4b8f-87d4-6f11faf51893', '{"action":"login","actor_id":"f116b809-b80f-41a0-9318-6a1d4a6aed1f","actor_name":"Jorge","actor_username":"personal.j.a@outlook.com","actor_via_sso":false,"log_type":"account"}', '2025-09-29 17:51:01.738243+00', ''),
	('00000000-0000-0000-0000-000000000000', '2001ab2a-d295-4f8c-b760-78afb8960a87', '{"action":"user_recovery_requested","actor_id":"f116b809-b80f-41a0-9318-6a1d4a6aed1f","actor_name":"Jorge","actor_username":"personal.j.a@outlook.com","actor_via_sso":false,"log_type":"user"}', '2025-09-29 18:03:36.945277+00', ''),
	('00000000-0000-0000-0000-000000000000', '0b46ccba-7b0d-4f26-8bf9-636b23e52c53', '{"action":"login","actor_id":"f116b809-b80f-41a0-9318-6a1d4a6aed1f","actor_name":"Jorge","actor_username":"personal.j.a@outlook.com","actor_via_sso":false,"log_type":"account"}', '2025-09-29 18:03:37.311791+00', ''),
	('00000000-0000-0000-0000-000000000000', '9b9fe62f-1f60-4e4f-a45e-fcbd96b4e685', '{"action":"user_recovery_requested","actor_id":"f116b809-b80f-41a0-9318-6a1d4a6aed1f","actor_name":"Jorge","actor_username":"personal.j.a@outlook.com","actor_via_sso":false,"log_type":"user"}', '2025-09-29 18:12:07.680464+00', ''),
	('00000000-0000-0000-0000-000000000000', '09e45e47-9c88-431e-89e9-d7cdf2c1d2d2', '{"action":"login","actor_id":"f116b809-b80f-41a0-9318-6a1d4a6aed1f","actor_name":"Jorge","actor_username":"personal.j.a@outlook.com","actor_via_sso":false,"log_type":"account"}', '2025-09-29 18:12:07.838633+00', ''),
	('00000000-0000-0000-0000-000000000000', 'c7f4cb2d-8f3f-4225-957f-17c91ce6df3e', '{"action":"user_recovery_requested","actor_id":"f116b809-b80f-41a0-9318-6a1d4a6aed1f","actor_name":"Jorge","actor_username":"personal.j.a@outlook.com","actor_via_sso":false,"log_type":"user"}', '2025-09-29 18:12:53.204156+00', ''),
	('00000000-0000-0000-0000-000000000000', '9fe9e6a9-b362-42de-b893-55c22d0a6cda', '{"action":"login","actor_id":"f116b809-b80f-41a0-9318-6a1d4a6aed1f","actor_name":"Jorge","actor_username":"personal.j.a@outlook.com","actor_via_sso":false,"log_type":"account"}', '2025-09-29 18:12:53.402274+00', ''),
	('00000000-0000-0000-0000-000000000000', 'f7c0512a-efd3-488b-99fa-8349ad75485d', '{"action":"login","actor_id":"f116b809-b80f-41a0-9318-6a1d4a6aed1f","actor_name":"Jorge","actor_username":"personal.j.a@outlook.com","actor_via_sso":false,"log_type":"account","traits":{"provider":"email"}}', '2025-09-29 18:26:16.875333+00', ''),
	('00000000-0000-0000-0000-000000000000', 'b81acad5-6cc8-4403-aa03-c70f2fbb0445', '{"action":"token_refreshed","actor_id":"559f26dd-7a83-49c1-be50-62531260e98d","actor_username":"admin_geral@teste.com","actor_via_sso":false,"log_type":"token"}', '2025-09-29 18:32:56.011058+00', ''),
	('00000000-0000-0000-0000-000000000000', 'b9c712e0-942f-48d0-9a6c-709e2d619dd7', '{"action":"token_revoked","actor_id":"559f26dd-7a83-49c1-be50-62531260e98d","actor_username":"admin_geral@teste.com","actor_via_sso":false,"log_type":"token"}', '2025-09-29 18:32:56.014282+00', ''),
	('00000000-0000-0000-0000-000000000000', '7d305b7e-6a20-4449-a9e2-f4a7a5767dc8', '{"action":"token_refreshed","actor_id":"f116b809-b80f-41a0-9318-6a1d4a6aed1f","actor_name":"Jorge","actor_username":"personal.j.a@outlook.com","actor_via_sso":false,"log_type":"token"}', '2025-09-29 19:25:06.493331+00', ''),
	('00000000-0000-0000-0000-000000000000', '08f43753-6024-460f-902c-fcd047e3fb25', '{"action":"token_revoked","actor_id":"f116b809-b80f-41a0-9318-6a1d4a6aed1f","actor_name":"Jorge","actor_username":"personal.j.a@outlook.com","actor_via_sso":false,"log_type":"token"}', '2025-09-29 19:25:06.50543+00', ''),
	('00000000-0000-0000-0000-000000000000', 'd8ff261c-3bcf-40c4-97cc-ff61abc6bc45', '{"action":"user_recovery_requested","actor_id":"f116b809-b80f-41a0-9318-6a1d4a6aed1f","actor_name":"Jorge","actor_username":"personal.j.a@outlook.com","actor_via_sso":false,"log_type":"user"}', '2025-09-29 19:26:04.238699+00', ''),
	('00000000-0000-0000-0000-000000000000', '5a0cbe31-eb45-45ac-8ed6-39b0a7f9e04c', '{"action":"login","actor_id":"f116b809-b80f-41a0-9318-6a1d4a6aed1f","actor_name":"Jorge","actor_username":"personal.j.a@outlook.com","actor_via_sso":false,"log_type":"account"}', '2025-09-29 19:26:04.538033+00', ''),
	('00000000-0000-0000-0000-000000000000', 'f8fdb479-38e7-4234-84ae-955e087f4c93', '{"action":"token_refreshed","actor_id":"559f26dd-7a83-49c1-be50-62531260e98d","actor_username":"admin_geral@teste.com","actor_via_sso":false,"log_type":"token"}', '2025-09-29 19:46:10.426452+00', ''),
	('00000000-0000-0000-0000-000000000000', '7205cdb4-e702-4981-b6ab-63819bd88f02', '{"action":"token_revoked","actor_id":"559f26dd-7a83-49c1-be50-62531260e98d","actor_username":"admin_geral@teste.com","actor_via_sso":false,"log_type":"token"}', '2025-09-29 19:46:10.446786+00', ''),
	('00000000-0000-0000-0000-000000000000', 'cc597c86-c437-449d-9959-0f28e5aa42c2', '{"action":"logout","actor_id":"f116b809-b80f-41a0-9318-6a1d4a6aed1f","actor_name":"Jorge","actor_username":"personal.j.a@outlook.com","actor_via_sso":false,"log_type":"account"}', '2025-09-29 19:47:38.315371+00', ''),
	('00000000-0000-0000-0000-000000000000', '1e266dca-fe98-4c1d-a9a5-e14f2b4fa6a5', '{"action":"login","actor_id":"f116b809-b80f-41a0-9318-6a1d4a6aed1f","actor_name":"Jorge","actor_username":"personal.j.a@outlook.com","actor_via_sso":false,"log_type":"account","traits":{"provider":"email"}}', '2025-09-29 19:47:43.626299+00', ''),
	('00000000-0000-0000-0000-000000000000', '0a94ef99-a3ff-45c3-8919-32f40a4d6e8f', '{"action":"logout","actor_id":"f116b809-b80f-41a0-9318-6a1d4a6aed1f","actor_name":"Jorge","actor_username":"personal.j.a@outlook.com","actor_via_sso":false,"log_type":"account"}', '2025-09-29 19:58:07.019498+00', ''),
	('00000000-0000-0000-0000-000000000000', 'dec9b69a-6fc2-4cde-91e4-933e10d8ea66', '{"action":"login","actor_id":"f116b809-b80f-41a0-9318-6a1d4a6aed1f","actor_name":"Jorge","actor_username":"personal.j.a@outlook.com","actor_via_sso":false,"log_type":"account","traits":{"provider":"email"}}', '2025-09-29 19:58:11.971978+00', ''),
	('00000000-0000-0000-0000-000000000000', 'e859cfea-ee4a-40a0-a988-427ce8b205dc', '{"action":"user_recovery_requested","actor_id":"f116b809-b80f-41a0-9318-6a1d4a6aed1f","actor_name":"Jorge","actor_username":"personal.j.a@outlook.com","actor_via_sso":false,"log_type":"user"}', '2025-09-29 20:32:51.88417+00', ''),
	('00000000-0000-0000-0000-000000000000', '254829e6-916f-4925-bf13-0dc9849004b3', '{"action":"login","actor_id":"f116b809-b80f-41a0-9318-6a1d4a6aed1f","actor_name":"Jorge","actor_username":"personal.j.a@outlook.com","actor_via_sso":false,"log_type":"account"}', '2025-09-29 20:32:53.232251+00', ''),
	('00000000-0000-0000-0000-000000000000', '26c59591-6e41-4f3e-9f71-5694a7cfec84', '{"action":"token_refreshed","actor_id":"559f26dd-7a83-49c1-be50-62531260e98d","actor_username":"admin_geral@teste.com","actor_via_sso":false,"log_type":"token"}', '2025-09-29 20:48:04.067837+00', ''),
	('00000000-0000-0000-0000-000000000000', 'd9ed2912-07c2-48a3-88a8-f8be2cd96173', '{"action":"token_revoked","actor_id":"559f26dd-7a83-49c1-be50-62531260e98d","actor_username":"admin_geral@teste.com","actor_via_sso":false,"log_type":"token"}', '2025-09-29 20:48:04.073975+00', ''),
	('00000000-0000-0000-0000-000000000000', '6a29617f-61b1-4f66-a6e3-ab0aedbe246f', '{"action":"token_refreshed","actor_id":"f116b809-b80f-41a0-9318-6a1d4a6aed1f","actor_name":"Jorge","actor_username":"personal.j.a@outlook.com","actor_via_sso":false,"log_type":"token"}', '2025-09-29 20:58:28.330593+00', ''),
	('00000000-0000-0000-0000-000000000000', 'd754b6b4-f90c-45b4-a9a6-7299a8319494', '{"action":"token_revoked","actor_id":"f116b809-b80f-41a0-9318-6a1d4a6aed1f","actor_name":"Jorge","actor_username":"personal.j.a@outlook.com","actor_via_sso":false,"log_type":"token"}', '2025-09-29 20:58:28.340408+00', ''),
	('00000000-0000-0000-0000-000000000000', '31a50d71-d320-46af-b952-844973284f0b', '{"action":"token_refreshed","actor_id":"559f26dd-7a83-49c1-be50-62531260e98d","actor_username":"admin_geral@teste.com","actor_via_sso":false,"log_type":"token"}', '2025-10-01 13:15:06.602515+00', ''),
	('00000000-0000-0000-0000-000000000000', 'd3698dc7-a231-4f3c-a6f6-a5b21711a865', '{"action":"token_revoked","actor_id":"559f26dd-7a83-49c1-be50-62531260e98d","actor_username":"admin_geral@teste.com","actor_via_sso":false,"log_type":"token"}', '2025-10-01 13:15:06.63348+00', ''),
	('00000000-0000-0000-0000-000000000000', 'c57f2fe4-6326-4f89-8ff4-eb93d036ff1f', '{"action":"token_refreshed","actor_id":"559f26dd-7a83-49c1-be50-62531260e98d","actor_username":"admin_geral@teste.com","actor_via_sso":false,"log_type":"token"}', '2025-10-01 22:22:09.270654+00', ''),
	('00000000-0000-0000-0000-000000000000', '27f9d049-d06b-4c54-bbde-3cd6c4ca6df7', '{"action":"token_revoked","actor_id":"559f26dd-7a83-49c1-be50-62531260e98d","actor_username":"admin_geral@teste.com","actor_via_sso":false,"log_type":"token"}', '2025-10-01 22:22:09.281841+00', ''),
	('00000000-0000-0000-0000-000000000000', 'f506e4ee-292c-4dd7-9169-d61d3c504200', '{"action":"token_refreshed","actor_id":"559f26dd-7a83-49c1-be50-62531260e98d","actor_username":"admin_geral@teste.com","actor_via_sso":false,"log_type":"token"}', '2025-10-01 23:34:32.70547+00', ''),
	('00000000-0000-0000-0000-000000000000', '8bbca3a6-8935-43a7-82ab-2ccee2f381bd', '{"action":"token_revoked","actor_id":"559f26dd-7a83-49c1-be50-62531260e98d","actor_username":"admin_geral@teste.com","actor_via_sso":false,"log_type":"token"}', '2025-10-01 23:34:32.720846+00', ''),
	('00000000-0000-0000-0000-000000000000', 'efb9950a-c32f-4982-be4f-93aa32cc0312', '{"action":"logout","actor_id":"559f26dd-7a83-49c1-be50-62531260e98d","actor_username":"admin_geral@teste.com","actor_via_sso":false,"log_type":"account"}', '2025-10-01 23:35:22.977819+00', ''),
	('00000000-0000-0000-0000-000000000000', '82e16ece-462f-4be1-8ae7-45d2705e4242', '{"action":"login","actor_id":"f116b809-b80f-41a0-9318-6a1d4a6aed1f","actor_name":"Jorge","actor_username":"personal.j.a@outlook.com","actor_via_sso":false,"log_type":"account","traits":{"provider":"email"}}', '2025-10-01 23:35:27.555853+00', ''),
	('00000000-0000-0000-0000-000000000000', '02f35414-049a-4e96-915d-32e26ff16c54', '{"action":"logout","actor_id":"f116b809-b80f-41a0-9318-6a1d4a6aed1f","actor_name":"Jorge","actor_username":"personal.j.a@outlook.com","actor_via_sso":false,"log_type":"account"}', '2025-10-01 23:35:47.684892+00', ''),
	('00000000-0000-0000-0000-000000000000', 'f09d33b0-5740-435b-aa74-0f51ddf9c796', '{"action":"login","actor_id":"559f26dd-7a83-49c1-be50-62531260e98d","actor_username":"admin_geral@teste.com","actor_via_sso":false,"log_type":"account","traits":{"provider":"email"}}', '2025-10-01 23:35:53.068402+00', ''),
	('00000000-0000-0000-0000-000000000000', '348c785f-9663-4fab-9cfd-7f51729e93d0', '{"action":"logout","actor_id":"559f26dd-7a83-49c1-be50-62531260e98d","actor_username":"admin_geral@teste.com","actor_via_sso":false,"log_type":"account"}', '2025-10-01 23:36:42.029573+00', ''),
	('00000000-0000-0000-0000-000000000000', '68b626b0-75b3-49ac-8f4a-f443c29f4f78', '{"action":"login","actor_id":"f116b809-b80f-41a0-9318-6a1d4a6aed1f","actor_name":"Jorge","actor_username":"personal.j.a@outlook.com","actor_via_sso":false,"log_type":"account","traits":{"provider":"email"}}', '2025-10-01 23:36:46.254489+00', ''),
	('00000000-0000-0000-0000-000000000000', 'dced0847-2e76-40c3-9b3f-7f6598282361', '{"action":"logout","actor_id":"f116b809-b80f-41a0-9318-6a1d4a6aed1f","actor_name":"Jorge","actor_username":"personal.j.a@outlook.com","actor_via_sso":false,"log_type":"account"}', '2025-10-01 23:41:28.923658+00', ''),
	('00000000-0000-0000-0000-000000000000', 'a0f86e2a-1ba8-426d-8352-a1bb2d7bc62e', '{"action":"login","actor_id":"559f26dd-7a83-49c1-be50-62531260e98d","actor_username":"admin_geral@teste.com","actor_via_sso":false,"log_type":"account","traits":{"provider":"email"}}', '2025-10-01 23:41:33.100768+00', ''),
	('00000000-0000-0000-0000-000000000000', '80a8d3d2-5e9d-43f3-9d5d-139beb1032a9', '{"action":"logout","actor_id":"559f26dd-7a83-49c1-be50-62531260e98d","actor_username":"admin_geral@teste.com","actor_via_sso":false,"log_type":"account"}', '2025-10-01 23:42:36.33024+00', ''),
	('00000000-0000-0000-0000-000000000000', 'a95e285b-1a42-4226-9005-84d2a2be4536', '{"action":"login","actor_id":"f116b809-b80f-41a0-9318-6a1d4a6aed1f","actor_name":"Jorge","actor_username":"personal.j.a@outlook.com","actor_via_sso":false,"log_type":"account","traits":{"provider":"email"}}', '2025-10-01 23:42:39.683934+00', ''),
	('00000000-0000-0000-0000-000000000000', '4120298b-97a0-4a2c-b659-be5483dc1485', '{"action":"logout","actor_id":"f116b809-b80f-41a0-9318-6a1d4a6aed1f","actor_name":"Jorge","actor_username":"personal.j.a@outlook.com","actor_via_sso":false,"log_type":"account"}', '2025-10-01 23:59:46.960695+00', ''),
	('00000000-0000-0000-0000-000000000000', '419235c5-8d44-4a8f-a7e5-9c9bf8dfb51f', '{"action":"login","actor_id":"559f26dd-7a83-49c1-be50-62531260e98d","actor_username":"admin_geral@teste.com","actor_via_sso":false,"log_type":"account","traits":{"provider":"email"}}', '2025-10-01 23:59:50.667119+00', ''),
	('00000000-0000-0000-0000-000000000000', '9dce27bc-6d05-4251-acad-714142ce2bf5', '{"action":"logout","actor_id":"559f26dd-7a83-49c1-be50-62531260e98d","actor_username":"admin_geral@teste.com","actor_via_sso":false,"log_type":"account"}', '2025-10-02 00:00:56.965457+00', ''),
	('00000000-0000-0000-0000-000000000000', 'f0b906fc-7474-4d31-a64e-e465c5ba23a9', '{"action":"login","actor_id":"f116b809-b80f-41a0-9318-6a1d4a6aed1f","actor_name":"Jorge","actor_username":"personal.j.a@outlook.com","actor_via_sso":false,"log_type":"account","traits":{"provider":"email"}}', '2025-10-02 00:00:59.891446+00', ''),
	('00000000-0000-0000-0000-000000000000', 'b2af680d-b412-412c-b8fc-de57f44de1df', '{"action":"token_refreshed","actor_id":"f116b809-b80f-41a0-9318-6a1d4a6aed1f","actor_name":"Jorge","actor_username":"personal.j.a@outlook.com","actor_via_sso":false,"log_type":"token"}', '2025-10-02 12:51:14.921455+00', ''),
	('00000000-0000-0000-0000-000000000000', '370f4461-0352-4da4-8f91-9fa8172428f3', '{"action":"token_revoked","actor_id":"f116b809-b80f-41a0-9318-6a1d4a6aed1f","actor_name":"Jorge","actor_username":"personal.j.a@outlook.com","actor_via_sso":false,"log_type":"token"}', '2025-10-02 12:51:14.935347+00', ''),
	('00000000-0000-0000-0000-000000000000', 'a1bab06c-8465-4fb6-ae1d-d99e2c7b23f4', '{"action":"login","actor_id":"559f26dd-7a83-49c1-be50-62531260e98d","actor_username":"admin_geral@teste.com","actor_via_sso":false,"log_type":"account","traits":{"provider":"email"}}', '2025-10-02 13:17:05.419475+00', ''),
	('00000000-0000-0000-0000-000000000000', '9ed1ebcc-6028-4e76-b86d-d1299e7d17f6', '{"action":"user_signedup","actor_id":"00000000-0000-0000-0000-000000000000","actor_username":"service_role","actor_via_sso":false,"log_type":"team","traits":{"provider":"email","user_email":"josemodelo@teste.com","user_id":"a40fbfd3-2d37-42ad-82f8-1966f10a6572","user_phone":""}}', '2025-10-02 13:49:23.711765+00', ''),
	('00000000-0000-0000-0000-000000000000', '969240c2-0680-470b-b50f-d9ebbc90d40d', '{"action":"token_refreshed","actor_id":"f116b809-b80f-41a0-9318-6a1d4a6aed1f","actor_name":"Jorge","actor_username":"personal.j.a@outlook.com","actor_via_sso":false,"log_type":"token"}', '2025-10-02 13:50:03.278438+00', ''),
	('00000000-0000-0000-0000-000000000000', '20a14a7c-c35a-4123-a082-6f484ba4fa8d', '{"action":"token_revoked","actor_id":"f116b809-b80f-41a0-9318-6a1d4a6aed1f","actor_name":"Jorge","actor_username":"personal.j.a@outlook.com","actor_via_sso":false,"log_type":"token"}', '2025-10-02 13:50:03.279021+00', ''),
	('00000000-0000-0000-0000-000000000000', '382f75d4-326c-40c9-bad0-dad1ff470af6', '{"action":"logout","actor_id":"f116b809-b80f-41a0-9318-6a1d4a6aed1f","actor_name":"Jorge","actor_username":"personal.j.a@outlook.com","actor_via_sso":false,"log_type":"account"}', '2025-10-02 13:50:03.376425+00', ''),
	('00000000-0000-0000-0000-000000000000', 'bdef8b5c-7655-43ae-b0d7-cd385a50a320', '{"action":"login","actor_id":"a40fbfd3-2d37-42ad-82f8-1966f10a6572","actor_name":"José Azevedo","actor_username":"josemodelo@teste.com","actor_via_sso":false,"log_type":"account","traits":{"provider":"email"}}', '2025-10-02 13:50:09.350757+00', ''),
	('00000000-0000-0000-0000-000000000000', '898f890c-b1ba-4aa6-aa9e-e2c478218d31', '{"action":"token_refreshed","actor_id":"a40fbfd3-2d37-42ad-82f8-1966f10a6572","actor_name":"José Azevedo","actor_username":"josemodelo@teste.com","actor_via_sso":false,"log_type":"token"}', '2025-10-02 15:27:47.5549+00', ''),
	('00000000-0000-0000-0000-000000000000', '0f64ae2e-0e85-411b-a70d-59a0766744ca', '{"action":"token_revoked","actor_id":"a40fbfd3-2d37-42ad-82f8-1966f10a6572","actor_name":"José Azevedo","actor_username":"josemodelo@teste.com","actor_via_sso":false,"log_type":"token"}', '2025-10-02 15:27:47.580926+00', ''),
	('00000000-0000-0000-0000-000000000000', 'adec74d9-19cf-4484-a075-5ed83140a6ae', '{"action":"logout","actor_id":"a40fbfd3-2d37-42ad-82f8-1966f10a6572","actor_name":"José Azevedo","actor_username":"josemodelo@teste.com","actor_via_sso":false,"log_type":"account"}', '2025-10-02 16:08:13.63543+00', ''),
	('00000000-0000-0000-0000-000000000000', 'b27a8672-c0e0-4b0e-8852-6ecb1833bc68', '{"action":"login","actor_id":"559f26dd-7a83-49c1-be50-62531260e98d","actor_username":"admin_geral@teste.com","actor_via_sso":false,"log_type":"account","traits":{"provider":"email"}}', '2025-10-02 16:08:18.806331+00', ''),
	('00000000-0000-0000-0000-000000000000', 'afaca3f1-ce2a-4e18-b2ab-84901048b564', '{"action":"logout","actor_id":"559f26dd-7a83-49c1-be50-62531260e98d","actor_username":"admin_geral@teste.com","actor_via_sso":false,"log_type":"account"}', '2025-10-02 16:28:04.045072+00', ''),
	('00000000-0000-0000-0000-000000000000', '067ffb4c-6257-488b-9bf2-63e72b7b84ed', '{"action":"login","actor_id":"a40fbfd3-2d37-42ad-82f8-1966f10a6572","actor_name":"José Azevedo","actor_username":"josemodelo@teste.com","actor_via_sso":false,"log_type":"account","traits":{"provider":"email"}}', '2025-10-02 16:28:07.824641+00', ''),
	('00000000-0000-0000-0000-000000000000', 'f4547a77-5185-4851-94b6-ad2bd5244b5f', '{"action":"logout","actor_id":"a40fbfd3-2d37-42ad-82f8-1966f10a6572","actor_name":"José Azevedo","actor_username":"josemodelo@teste.com","actor_via_sso":false,"log_type":"account"}', '2025-10-02 17:11:21.086823+00', ''),
	('00000000-0000-0000-0000-000000000000', '58ee3aa8-e572-4aa3-a15d-9689b5a13805', '{"action":"login","actor_id":"f116b809-b80f-41a0-9318-6a1d4a6aed1f","actor_name":"Jorge","actor_username":"personal.j.a@outlook.com","actor_via_sso":false,"log_type":"account","traits":{"provider":"email"}}', '2025-10-02 17:11:24.943592+00', ''),
	('00000000-0000-0000-0000-000000000000', '4ea972c0-cd46-4fc5-812b-9875c87ae092', '{"action":"login","actor_id":"559f26dd-7a83-49c1-be50-62531260e98d","actor_username":"admin_geral@teste.com","actor_via_sso":false,"log_type":"account","traits":{"provider":"email"}}', '2025-10-02 17:19:08.54234+00', ''),
	('00000000-0000-0000-0000-000000000000', 'c46153e7-7186-421f-a998-08ea6039b8ec', '{"action":"user_recovery_requested","actor_id":"a40fbfd3-2d37-42ad-82f8-1966f10a6572","actor_name":"José Azevedo","actor_username":"josemodelo@teste.com","actor_via_sso":false,"log_type":"user"}', '2025-10-02 17:42:08.857322+00', ''),
	('00000000-0000-0000-0000-000000000000', '6eed1fa4-e92d-49e5-97c7-757dbac8e102', '{"action":"login","actor_id":"a40fbfd3-2d37-42ad-82f8-1966f10a6572","actor_name":"José Azevedo","actor_username":"josemodelo@teste.com","actor_via_sso":false,"log_type":"account"}', '2025-10-02 17:42:09.123841+00', ''),
	('00000000-0000-0000-0000-000000000000', '36c4609d-2f7a-41e6-93d4-aca91886496c', '{"action":"token_refreshed","actor_id":"f116b809-b80f-41a0-9318-6a1d4a6aed1f","actor_name":"Jorge","actor_username":"personal.j.a@outlook.com","actor_via_sso":false,"log_type":"token"}', '2025-10-02 18:12:54.612735+00', ''),
	('00000000-0000-0000-0000-000000000000', '524eb032-f6ac-4291-909b-d4f0fa49139a', '{"action":"token_revoked","actor_id":"f116b809-b80f-41a0-9318-6a1d4a6aed1f","actor_name":"Jorge","actor_username":"personal.j.a@outlook.com","actor_via_sso":false,"log_type":"token"}', '2025-10-02 18:12:54.624642+00', ''),
	('00000000-0000-0000-0000-000000000000', 'e1e2c389-e0c0-432e-bcd9-604fe81bab9c', '{"action":"login","actor_id":"559f26dd-7a83-49c1-be50-62531260e98d","actor_username":"admin_geral@teste.com","actor_via_sso":false,"log_type":"account","traits":{"provider":"email"}}', '2025-10-02 18:51:38.579701+00', ''),
	('00000000-0000-0000-0000-000000000000', 'b7847530-6c8c-4b95-9fb9-469256fd145c', '{"action":"token_refreshed","actor_id":"f116b809-b80f-41a0-9318-6a1d4a6aed1f","actor_name":"Jorge","actor_username":"personal.j.a@outlook.com","actor_via_sso":false,"log_type":"token"}', '2025-10-02 19:12:49.355611+00', ''),
	('00000000-0000-0000-0000-000000000000', 'f14a5d99-75a9-474b-9430-f303a9390e06', '{"action":"token_revoked","actor_id":"f116b809-b80f-41a0-9318-6a1d4a6aed1f","actor_name":"Jorge","actor_username":"personal.j.a@outlook.com","actor_via_sso":false,"log_type":"token"}', '2025-10-02 19:12:49.372851+00', ''),
	('00000000-0000-0000-0000-000000000000', 'f39d698a-161a-4db2-84a8-c7b9b3deca7a', '{"action":"token_refreshed","actor_id":"f116b809-b80f-41a0-9318-6a1d4a6aed1f","actor_name":"Jorge","actor_username":"personal.j.a@outlook.com","actor_via_sso":false,"log_type":"token"}', '2025-10-02 20:13:23.510399+00', ''),
	('00000000-0000-0000-0000-000000000000', 'db9db81a-b40f-49c0-a7aa-3930206c9dba', '{"action":"token_revoked","actor_id":"f116b809-b80f-41a0-9318-6a1d4a6aed1f","actor_name":"Jorge","actor_username":"personal.j.a@outlook.com","actor_via_sso":false,"log_type":"token"}', '2025-10-02 20:13:23.535439+00', ''),
	('00000000-0000-0000-0000-000000000000', '8ad56d20-4282-4346-a763-76c592776e4a', '{"action":"login","actor_id":"559f26dd-7a83-49c1-be50-62531260e98d","actor_username":"admin_geral@teste.com","actor_via_sso":false,"log_type":"account","traits":{"provider":"email"}}', '2025-10-02 20:35:10.341254+00', ''),
	('00000000-0000-0000-0000-000000000000', 'b5ce709f-1b60-481e-b16f-8f0607999223', '{"action":"token_refreshed","actor_id":"f116b809-b80f-41a0-9318-6a1d4a6aed1f","actor_name":"Jorge","actor_username":"personal.j.a@outlook.com","actor_via_sso":false,"log_type":"token"}', '2025-10-02 21:13:45.295676+00', ''),
	('00000000-0000-0000-0000-000000000000', '6bac2248-4e1a-4bd0-9122-2462a68358ef', '{"action":"token_revoked","actor_id":"f116b809-b80f-41a0-9318-6a1d4a6aed1f","actor_name":"Jorge","actor_username":"personal.j.a@outlook.com","actor_via_sso":false,"log_type":"token"}', '2025-10-02 21:13:45.308463+00', ''),
	('00000000-0000-0000-0000-000000000000', 'd9ddbd83-9171-41bb-9b32-4a3dd240f4b0', '{"action":"token_refreshed","actor_id":"559f26dd-7a83-49c1-be50-62531260e98d","actor_username":"admin_geral@teste.com","actor_via_sso":false,"log_type":"token"}', '2025-10-02 21:33:45.179175+00', ''),
	('00000000-0000-0000-0000-000000000000', '1bc8d72f-b357-4e98-b14f-671d0212068a', '{"action":"token_revoked","actor_id":"559f26dd-7a83-49c1-be50-62531260e98d","actor_username":"admin_geral@teste.com","actor_via_sso":false,"log_type":"token"}', '2025-10-02 21:33:45.184641+00', ''),
	('00000000-0000-0000-0000-000000000000', '45ef7327-1202-42c0-968f-040d803d0a03', '{"action":"logout","actor_id":"f116b809-b80f-41a0-9318-6a1d4a6aed1f","actor_name":"Jorge","actor_username":"personal.j.a@outlook.com","actor_via_sso":false,"log_type":"account"}', '2025-10-02 21:34:10.864755+00', ''),
	('00000000-0000-0000-0000-000000000000', 'adf6d736-abb3-4b92-92b4-6fa09bec97c7', '{"action":"login","actor_id":"f116b809-b80f-41a0-9318-6a1d4a6aed1f","actor_name":"Jorge","actor_username":"personal.j.a@outlook.com","actor_via_sso":false,"log_type":"account","traits":{"provider":"email"}}', '2025-10-02 21:34:15.16888+00', ''),
	('00000000-0000-0000-0000-000000000000', 'b630dcb1-4761-4276-839f-7d28ce44ebd6', '{"action":"token_refreshed","actor_id":"f116b809-b80f-41a0-9318-6a1d4a6aed1f","actor_name":"Jorge","actor_username":"personal.j.a@outlook.com","actor_via_sso":false,"log_type":"token"}', '2025-10-02 22:33:06.541299+00', ''),
	('00000000-0000-0000-0000-000000000000', '2b031fde-9e74-43f7-8e75-ceeaa23dc6b7', '{"action":"token_revoked","actor_id":"f116b809-b80f-41a0-9318-6a1d4a6aed1f","actor_name":"Jorge","actor_username":"personal.j.a@outlook.com","actor_via_sso":false,"log_type":"token"}', '2025-10-02 22:33:06.56178+00', ''),
	('00000000-0000-0000-0000-000000000000', '97bdfdd3-8cc1-4ee0-9071-7888dc807213', '{"action":"logout","actor_id":"f116b809-b80f-41a0-9318-6a1d4a6aed1f","actor_name":"Jorge","actor_username":"personal.j.a@outlook.com","actor_via_sso":false,"log_type":"account"}', '2025-10-02 23:12:28.388387+00', ''),
	('00000000-0000-0000-0000-000000000000', '8df2067b-31af-4089-b7af-87ec4824756b', '{"action":"login","actor_id":"a40fbfd3-2d37-42ad-82f8-1966f10a6572","actor_name":"José Azevedo","actor_username":"josemodelo@teste.com","actor_via_sso":false,"log_type":"account","traits":{"provider":"email"}}', '2025-10-02 23:12:32.555788+00', ''),
	('00000000-0000-0000-0000-000000000000', '6d587509-2736-48b9-b809-20404a7de84c', '{"action":"token_refreshed","actor_id":"559f26dd-7a83-49c1-be50-62531260e98d","actor_username":"admin_geral@teste.com","actor_via_sso":false,"log_type":"token"}', '2025-10-02 23:32:18.267783+00', ''),
	('00000000-0000-0000-0000-000000000000', 'deb34a53-c9a7-44f5-a438-096a1646c291', '{"action":"token_revoked","actor_id":"559f26dd-7a83-49c1-be50-62531260e98d","actor_username":"admin_geral@teste.com","actor_via_sso":false,"log_type":"token"}', '2025-10-02 23:32:18.302257+00', ''),
	('00000000-0000-0000-0000-000000000000', '7f43db62-0fd3-4749-9aa0-6ab84987c177', '{"action":"logout","actor_id":"a40fbfd3-2d37-42ad-82f8-1966f10a6572","actor_name":"José Azevedo","actor_username":"josemodelo@teste.com","actor_via_sso":false,"log_type":"account"}', '2025-10-02 23:36:28.985344+00', ''),
	('00000000-0000-0000-0000-000000000000', 'a8297680-28ef-4cc1-81f0-c3d936baceb9', '{"action":"login","actor_id":"559f26dd-7a83-49c1-be50-62531260e98d","actor_username":"admin_geral@teste.com","actor_via_sso":false,"log_type":"account","traits":{"provider":"email"}}', '2025-10-02 23:37:45.095819+00', ''),
	('00000000-0000-0000-0000-000000000000', '15dc813e-41ec-49b0-8582-ed301fa14a32', '{"action":"logout","actor_id":"559f26dd-7a83-49c1-be50-62531260e98d","actor_username":"admin_geral@teste.com","actor_via_sso":false,"log_type":"account"}', '2025-10-02 23:42:21.694145+00', ''),
	('00000000-0000-0000-0000-000000000000', '1af81ddd-4ffc-4080-a023-5a51dcf06f57', '{"action":"login","actor_id":"a40fbfd3-2d37-42ad-82f8-1966f10a6572","actor_name":"José Azevedo","actor_username":"josemodelo@teste.com","actor_via_sso":false,"log_type":"account","traits":{"provider":"email"}}', '2025-10-02 23:42:25.772961+00', ''),
	('00000000-0000-0000-0000-000000000000', '29e16476-4d65-434c-9b43-da812f1cefde', '{"action":"logout","actor_id":"a40fbfd3-2d37-42ad-82f8-1966f10a6572","actor_name":"José Azevedo","actor_username":"josemodelo@teste.com","actor_via_sso":false,"log_type":"account"}', '2025-10-02 23:54:06.112965+00', ''),
	('00000000-0000-0000-0000-000000000000', 'dbe3e348-9b08-4a5a-8b84-ac2f8a753c54', '{"action":"login","actor_id":"a40fbfd3-2d37-42ad-82f8-1966f10a6572","actor_name":"José Azevedo","actor_username":"josemodelo@teste.com","actor_via_sso":false,"log_type":"account","traits":{"provider":"email"}}', '2025-10-02 23:54:08.021788+00', ''),
	('00000000-0000-0000-0000-000000000000', 'd2355d39-8eea-4ed5-be2d-8e541a18ecbc', '{"action":"login","actor_id":"a40fbfd3-2d37-42ad-82f8-1966f10a6572","actor_name":"José Azevedo","actor_username":"josemodelo@teste.com","actor_via_sso":false,"log_type":"account","traits":{"provider":"email"}}', '2025-10-03 01:44:21.464031+00', ''),
	('00000000-0000-0000-0000-000000000000', '22bb99de-5dca-4741-9a00-ccad42bf0d3c', '{"action":"logout","actor_id":"a40fbfd3-2d37-42ad-82f8-1966f10a6572","actor_name":"José Azevedo","actor_username":"josemodelo@teste.com","actor_via_sso":false,"log_type":"account"}', '2025-10-03 01:52:40.673316+00', ''),
	('00000000-0000-0000-0000-000000000000', 'ffc95ead-9d50-40b3-83c2-aa9e68102d0f', '{"action":"login","actor_id":"559f26dd-7a83-49c1-be50-62531260e98d","actor_username":"admin_geral@teste.com","actor_via_sso":false,"log_type":"account","traits":{"provider":"email"}}', '2025-10-03 01:52:45.098068+00', ''),
	('00000000-0000-0000-0000-000000000000', '33d8e42d-78c3-4a9a-9b0b-c88a996a6f0e', '{"action":"user_signedup","actor_id":"00000000-0000-0000-0000-000000000000","actor_username":"service_role","actor_via_sso":false,"log_type":"team","traits":{"provider":"email","user_email":"testejorge@teste.com","user_id":"a7d79312-1c49-4cd9-9970-5dfe2bca9443","user_phone":""}}', '2025-10-03 01:53:10.238926+00', ''),
	('00000000-0000-0000-0000-000000000000', 'e90b5827-d044-468a-986e-b9494ba434a9', '{"action":"logout","actor_id":"559f26dd-7a83-49c1-be50-62531260e98d","actor_username":"admin_geral@teste.com","actor_via_sso":false,"log_type":"account"}', '2025-10-03 01:53:37.2633+00', ''),
	('00000000-0000-0000-0000-000000000000', '5ddfd2e7-9cce-4129-bea0-31a9f4e00b52', '{"action":"login","actor_id":"a7d79312-1c49-4cd9-9970-5dfe2bca9443","actor_name":"Jorge Teste","actor_username":"testejorge@teste.com","actor_via_sso":false,"log_type":"account","traits":{"provider":"email"}}', '2025-10-03 01:53:42.052492+00', ''),
	('00000000-0000-0000-0000-000000000000', '3d536f49-b0a3-4bb7-9a9d-207dc76de2ee', '{"action":"login","actor_id":"559f26dd-7a83-49c1-be50-62531260e98d","actor_username":"admin_geral@teste.com","actor_via_sso":false,"log_type":"account","traits":{"provider":"email"}}', '2025-10-07 23:02:25.546396+00', ''),
	('00000000-0000-0000-0000-000000000000', 'a18416fd-ba4f-476e-aae9-43e5ee3c726b', '{"action":"logout","actor_id":"559f26dd-7a83-49c1-be50-62531260e98d","actor_username":"admin_geral@teste.com","actor_via_sso":false,"log_type":"account"}', '2025-10-07 23:14:26.074319+00', ''),
	('00000000-0000-0000-0000-000000000000', '18f3a40c-d300-4d94-9db2-e6919532c953', '{"action":"login","actor_id":"14b4147a-10be-40bb-981f-ecc21d2817c5","actor_name":"JORGE AUGUSTO ALVES DOS SANTOS","actor_username":"teste@teste.com","actor_via_sso":false,"log_type":"account","traits":{"provider":"email"}}', '2025-10-07 23:14:30.305303+00', ''),
	('00000000-0000-0000-0000-000000000000', '28175753-3c71-4837-b771-dc6a9a77f393', '{"action":"logout","actor_id":"14b4147a-10be-40bb-981f-ecc21d2817c5","actor_name":"JORGE AUGUSTO ALVES DOS SANTOS","actor_username":"teste@teste.com","actor_via_sso":false,"log_type":"account"}', '2025-10-08 00:00:40.393895+00', ''),
	('00000000-0000-0000-0000-000000000000', '1ea7904a-409d-4406-bfcf-070f4e946a56', '{"action":"login","actor_id":"e28c30f1-590d-4da2-ae23-0ec986fecaf1","actor_name":"Pedro Estudante","actor_username":"aluno@gradgate.com","actor_via_sso":false,"log_type":"account","traits":{"provider":"email"}}', '2025-10-08 00:00:49.064065+00', ''),
	('00000000-0000-0000-0000-000000000000', '97f3dd8b-3e6c-4eda-bdfc-dc44d1f51a9b', '{"action":"token_refreshed","actor_id":"e28c30f1-590d-4da2-ae23-0ec986fecaf1","actor_name":"Pedro Estudante","actor_username":"aluno@gradgate.com","actor_via_sso":false,"log_type":"token"}', '2025-10-08 12:57:21.17905+00', ''),
	('00000000-0000-0000-0000-000000000000', 'ea3a96b9-52a1-4845-bc6e-904918957b81', '{"action":"token_revoked","actor_id":"e28c30f1-590d-4da2-ae23-0ec986fecaf1","actor_name":"Pedro Estudante","actor_username":"aluno@gradgate.com","actor_via_sso":false,"log_type":"token"}', '2025-10-08 12:57:21.206836+00', ''),
	('00000000-0000-0000-0000-000000000000', '82b02266-5d49-4f6c-bd6f-4a34675054d9', '{"action":"logout","actor_id":"e28c30f1-590d-4da2-ae23-0ec986fecaf1","actor_name":"Pedro Estudante","actor_username":"aluno@gradgate.com","actor_via_sso":false,"log_type":"account"}', '2025-10-08 13:39:20.021132+00', ''),
	('00000000-0000-0000-0000-000000000000', '32e5ac46-8937-449c-96f1-4063b6684ba0', '{"action":"login","actor_id":"559f26dd-7a83-49c1-be50-62531260e98d","actor_username":"admin_geral@teste.com","actor_via_sso":false,"log_type":"account","traits":{"provider":"email"}}', '2025-10-08 13:39:22.344191+00', ''),
	('00000000-0000-0000-0000-000000000000', 'bf073ff3-baf2-46f3-b0b5-835c0411050e', '{"action":"logout","actor_id":"559f26dd-7a83-49c1-be50-62531260e98d","actor_username":"admin_geral@teste.com","actor_via_sso":false,"log_type":"account"}', '2025-10-08 14:05:59.949912+00', ''),
	('00000000-0000-0000-0000-000000000000', '3cca69ad-37bf-4342-b3d4-0fa558ac5e7a', '{"action":"login","actor_id":"14b4147a-10be-40bb-981f-ecc21d2817c5","actor_name":"JORGE AUGUSTO ALVES DOS SANTOS","actor_username":"teste@teste.com","actor_via_sso":false,"log_type":"account","traits":{"provider":"email"}}', '2025-10-08 14:06:04.711985+00', ''),
	('00000000-0000-0000-0000-000000000000', 'ddc36df7-8660-403c-9f6d-d0e7b44f5244', '{"action":"logout","actor_id":"14b4147a-10be-40bb-981f-ecc21d2817c5","actor_name":"JORGE AUGUSTO ALVES DOS SANTOS","actor_username":"teste@teste.com","actor_via_sso":false,"log_type":"account"}', '2025-10-08 14:06:10.577609+00', ''),
	('00000000-0000-0000-0000-000000000000', '414e5d69-15bd-42fd-a811-b29c46ef4eb2', '{"action":"login","actor_id":"559f26dd-7a83-49c1-be50-62531260e98d","actor_username":"admin_geral@teste.com","actor_via_sso":false,"log_type":"account","traits":{"provider":"email"}}', '2025-10-08 14:06:12.099152+00', ''),
	('00000000-0000-0000-0000-000000000000', '2b03e452-933e-4fab-86f0-f2ed4610b202', '{"action":"logout","actor_id":"559f26dd-7a83-49c1-be50-62531260e98d","actor_username":"admin_geral@teste.com","actor_via_sso":false,"log_type":"account"}', '2025-10-08 14:06:17.341703+00', ''),
	('00000000-0000-0000-0000-000000000000', '31d6409a-fc09-43bf-a503-f483c86bb7c1', '{"action":"login","actor_id":"e28c30f1-590d-4da2-ae23-0ec986fecaf1","actor_name":"Pedro Estudante","actor_username":"aluno@gradgate.com","actor_via_sso":false,"log_type":"account","traits":{"provider":"email"}}', '2025-10-08 14:06:25.398162+00', ''),
	('00000000-0000-0000-0000-000000000000', 'b25c4723-4dea-4496-9d45-1ab1b5fc13bb', '{"action":"logout","actor_id":"e28c30f1-590d-4da2-ae23-0ec986fecaf1","actor_name":"Pedro Estudante","actor_username":"aluno@gradgate.com","actor_via_sso":false,"log_type":"account"}', '2025-10-08 14:09:05.217098+00', ''),
	('00000000-0000-0000-0000-000000000000', '672943cc-b53c-4488-89b5-720c6de78911', '{"action":"login","actor_id":"559f26dd-7a83-49c1-be50-62531260e98d","actor_username":"admin_geral@teste.com","actor_via_sso":false,"log_type":"account","traits":{"provider":"email"}}', '2025-10-08 14:09:06.401174+00', ''),
	('00000000-0000-0000-0000-000000000000', '004f0c4b-f39a-40bf-9e89-87cfc1eccec8', '{"action":"logout","actor_id":"559f26dd-7a83-49c1-be50-62531260e98d","actor_username":"admin_geral@teste.com","actor_via_sso":false,"log_type":"account"}', '2025-10-08 14:14:35.057481+00', ''),
	('00000000-0000-0000-0000-000000000000', '249c05ac-f90d-4ee5-a75c-ed21d6c88915', '{"action":"login","actor_id":"03c3be5e-96c6-48eb-915b-a45ea217b78e","actor_name":"João Vendedor","actor_username":"vendedor@gradgate.com","actor_via_sso":false,"log_type":"account","traits":{"provider":"email"}}', '2025-10-08 14:15:06.857347+00', ''),
	('00000000-0000-0000-0000-000000000000', 'd956f572-8235-4c6e-b9dc-a131a0abe116', '{"action":"logout","actor_id":"03c3be5e-96c6-48eb-915b-a45ea217b78e","actor_name":"João Vendedor","actor_username":"vendedor@gradgate.com","actor_via_sso":false,"log_type":"account"}', '2025-10-08 14:15:15.779109+00', ''),
	('00000000-0000-0000-0000-000000000000', '3b1a37f2-a192-449f-94b4-e2bccebed5ef', '{"action":"login","actor_id":"870558d4-cb8e-4051-97f5-f9309ee4a9e8","actor_name":"Maria Gestora","actor_username":"gestor@gradgate.com","actor_via_sso":false,"log_type":"account","traits":{"provider":"email"}}', '2025-10-08 14:16:21.661257+00', ''),
	('00000000-0000-0000-0000-000000000000', '2ac30e57-2090-4e2a-92f3-69ea50cb6838', '{"action":"logout","actor_id":"870558d4-cb8e-4051-97f5-f9309ee4a9e8","actor_name":"Maria Gestora","actor_username":"gestor@gradgate.com","actor_via_sso":false,"log_type":"account"}', '2025-10-08 14:18:12.954463+00', ''),
	('00000000-0000-0000-0000-000000000000', '4df72101-4247-471a-b4d5-f9ff062cf824', '{"action":"login","actor_id":"e25c56b5-80ad-4784-8060-288c6e1a6d57","actor_name":"Ana Colaboradora","actor_username":"colaborador@gradgate.com","actor_via_sso":false,"log_type":"account","traits":{"provider":"email"}}', '2025-10-08 14:18:23.887451+00', ''),
	('00000000-0000-0000-0000-000000000000', 'd3e71291-fc6b-4a1e-9cc4-2504ef4bc46d', '{"action":"login","actor_id":"559f26dd-7a83-49c1-be50-62531260e98d","actor_username":"admin_geral@teste.com","actor_via_sso":false,"log_type":"account","traits":{"provider":"email"}}', '2025-10-08 14:18:48.340237+00', ''),
	('00000000-0000-0000-0000-000000000000', 'a0326560-a127-431d-ab11-3a0cf339ea3a', '{"action":"logout","actor_id":"e25c56b5-80ad-4784-8060-288c6e1a6d57","actor_name":"Ana Colaboradora","actor_username":"colaborador@gradgate.com","actor_via_sso":false,"log_type":"account"}', '2025-10-08 14:19:57.813368+00', ''),
	('00000000-0000-0000-0000-000000000000', '5c094a6a-850f-4df6-8464-311a8026fade', '{"action":"login","actor_id":"e28c30f1-590d-4da2-ae23-0ec986fecaf1","actor_name":"Pedro Estudante","actor_username":"aluno@gradgate.com","actor_via_sso":false,"log_type":"account","traits":{"provider":"email"}}', '2025-10-08 14:20:22.148013+00', ''),
	('00000000-0000-0000-0000-000000000000', 'a7a85f0c-e5a5-4c15-8f75-c1cd2723dcbb', '{"action":"logout","actor_id":"559f26dd-7a83-49c1-be50-62531260e98d","actor_username":"admin_geral@teste.com","actor_via_sso":false,"log_type":"account"}', '2025-10-08 14:24:54.210833+00', ''),
	('00000000-0000-0000-0000-000000000000', '75b563bc-215c-44fa-8f32-adedcdecf9fc', '{"action":"login","actor_id":"f116b809-b80f-41a0-9318-6a1d4a6aed1f","actor_name":"Jorge","actor_username":"personal.j.a@outlook.com","actor_via_sso":false,"log_type":"account","traits":{"provider":"email"}}', '2025-10-08 14:24:57.538878+00', ''),
	('00000000-0000-0000-0000-000000000000', 'ad729682-8abe-4ff3-adc8-8a7edc1dc3d5', '{"action":"logout","actor_id":"f116b809-b80f-41a0-9318-6a1d4a6aed1f","actor_name":"Jorge","actor_username":"personal.j.a@outlook.com","actor_via_sso":false,"log_type":"account"}', '2025-10-08 14:34:34.950081+00', ''),
	('00000000-0000-0000-0000-000000000000', '09291e44-97b8-4e7c-8176-62579db0dcb5', '{"action":"logout","actor_id":"e28c30f1-590d-4da2-ae23-0ec986fecaf1","actor_name":"Pedro Estudante","actor_username":"aluno@gradgate.com","actor_via_sso":false,"log_type":"account"}', '2025-10-08 14:34:42.742869+00', ''),
	('00000000-0000-0000-0000-000000000000', 'ab4e5ea2-8b05-44bb-8148-9416716848f3', '{"action":"login","actor_id":"559f26dd-7a83-49c1-be50-62531260e98d","actor_username":"admin_geral@teste.com","actor_via_sso":false,"log_type":"account","traits":{"provider":"email"}}', '2025-10-08 14:34:44.102777+00', ''),
	('00000000-0000-0000-0000-000000000000', '95f2b044-c2eb-4b2b-a058-84338622e7af', '{"action":"logout","actor_id":"559f26dd-7a83-49c1-be50-62531260e98d","actor_username":"admin_geral@teste.com","actor_via_sso":false,"log_type":"account"}', '2025-10-08 14:34:59.358198+00', ''),
	('00000000-0000-0000-0000-000000000000', '2826c1d0-6df9-40df-ae70-2d2b9f8678f1', '{"action":"login","actor_id":"f116b809-b80f-41a0-9318-6a1d4a6aed1f","actor_name":"Jorge","actor_username":"personal.j.a@outlook.com","actor_via_sso":false,"log_type":"account","traits":{"provider":"email"}}', '2025-10-08 14:35:07.778349+00', ''),
	('00000000-0000-0000-0000-000000000000', 'e3b603b0-c74d-4aaa-bf10-0121546ada6f', '{"action":"login","actor_id":"a7d79312-1c49-4cd9-9970-5dfe2bca9443","actor_name":"Jorge Teste","actor_username":"testejorge@teste.com","actor_via_sso":false,"log_type":"account","traits":{"provider":"email"}}', '2025-10-08 14:36:35.941173+00', ''),
	('00000000-0000-0000-0000-000000000000', '9e37cc49-484a-4b9f-a91b-58730085d9ba', '{"action":"logout","actor_id":"f116b809-b80f-41a0-9318-6a1d4a6aed1f","actor_name":"Jorge","actor_username":"personal.j.a@outlook.com","actor_via_sso":false,"log_type":"account"}', '2025-10-08 14:38:29.679832+00', ''),
	('00000000-0000-0000-0000-000000000000', 'cc5af16d-c366-41ed-b0ff-1d974cbf0262', '{"action":"login","actor_id":"559f26dd-7a83-49c1-be50-62531260e98d","actor_username":"admin_geral@teste.com","actor_via_sso":false,"log_type":"account","traits":{"provider":"email"}}', '2025-10-08 14:38:31.09567+00', ''),
	('00000000-0000-0000-0000-000000000000', 'b1d16c97-51ca-405f-a245-a2774c11926d', '{"action":"logout","actor_id":"559f26dd-7a83-49c1-be50-62531260e98d","actor_username":"admin_geral@teste.com","actor_via_sso":false,"log_type":"account"}', '2025-10-08 14:54:41.410806+00', ''),
	('00000000-0000-0000-0000-000000000000', '01e8b27b-2bdb-4b7b-983c-f7a0d335f8e1', '{"action":"login","actor_id":"f116b809-b80f-41a0-9318-6a1d4a6aed1f","actor_name":"Jorge","actor_username":"personal.j.a@outlook.com","actor_via_sso":false,"log_type":"account","traits":{"provider":"email"}}', '2025-10-08 14:54:48.135491+00', ''),
	('00000000-0000-0000-0000-000000000000', '1fab04ee-bb78-4c7a-ad27-691874a42bf4', '{"action":"login","actor_id":"559f26dd-7a83-49c1-be50-62531260e98d","actor_username":"admin_geral@teste.com","actor_via_sso":false,"log_type":"account","traits":{"provider":"email"}}', '2025-10-08 14:55:05.798377+00', ''),
	('00000000-0000-0000-0000-000000000000', '6e2b6e44-c01f-4744-85b7-e022ca1861a8', '{"action":"token_refreshed","actor_id":"559f26dd-7a83-49c1-be50-62531260e98d","actor_username":"admin_geral@teste.com","actor_via_sso":false,"log_type":"token"}', '2025-10-08 15:53:26.539363+00', ''),
	('00000000-0000-0000-0000-000000000000', '40d39c4c-a692-448c-9a90-375428bfcd63', '{"action":"token_revoked","actor_id":"559f26dd-7a83-49c1-be50-62531260e98d","actor_username":"admin_geral@teste.com","actor_via_sso":false,"log_type":"token"}', '2025-10-08 15:53:26.553975+00', ''),
	('00000000-0000-0000-0000-000000000000', '5ff535c7-ddff-4d12-a3ae-5eb7be95d8c9', '{"action":"token_refreshed","actor_id":"f116b809-b80f-41a0-9318-6a1d4a6aed1f","actor_name":"Jorge","actor_username":"personal.j.a@outlook.com","actor_via_sso":false,"log_type":"token"}', '2025-10-08 15:53:46.242374+00', ''),
	('00000000-0000-0000-0000-000000000000', 'c9e3f474-ab9b-48d2-bffb-8c3a568dc62d', '{"action":"token_revoked","actor_id":"f116b809-b80f-41a0-9318-6a1d4a6aed1f","actor_name":"Jorge","actor_username":"personal.j.a@outlook.com","actor_via_sso":false,"log_type":"token"}', '2025-10-08 15:53:46.243656+00', ''),
	('00000000-0000-0000-0000-000000000000', '4a4673a0-e544-45a3-8b13-d469873cb8e2', '{"action":"logout","actor_id":"559f26dd-7a83-49c1-be50-62531260e98d","actor_username":"admin_geral@teste.com","actor_via_sso":false,"log_type":"account"}', '2025-10-08 16:21:23.10731+00', ''),
	('00000000-0000-0000-0000-000000000000', '60666be7-7262-4943-98af-768ca3c9b2c2', '{"action":"login","actor_id":"559f26dd-7a83-49c1-be50-62531260e98d","actor_username":"admin_geral@teste.com","actor_via_sso":false,"log_type":"account","traits":{"provider":"email"}}', '2025-10-08 16:21:31.858389+00', ''),
	('00000000-0000-0000-0000-000000000000', 'd8b2bd3f-6524-4dfb-a495-4026d9bce9de', '{"action":"token_refreshed","actor_id":"f116b809-b80f-41a0-9318-6a1d4a6aed1f","actor_name":"Jorge","actor_username":"personal.j.a@outlook.com","actor_via_sso":false,"log_type":"token"}', '2025-10-08 17:18:42.507321+00', ''),
	('00000000-0000-0000-0000-000000000000', 'da33c21a-9ccd-4ae7-86e9-1087ccc23bd4', '{"action":"token_revoked","actor_id":"f116b809-b80f-41a0-9318-6a1d4a6aed1f","actor_name":"Jorge","actor_username":"personal.j.a@outlook.com","actor_via_sso":false,"log_type":"token"}', '2025-10-08 17:18:42.530376+00', ''),
	('00000000-0000-0000-0000-000000000000', '8d26d9ed-2dd8-4b80-b429-c5e2a4fc6bbb', '{"action":"token_refreshed","actor_id":"559f26dd-7a83-49c1-be50-62531260e98d","actor_username":"admin_geral@teste.com","actor_via_sso":false,"log_type":"token"}', '2025-10-08 17:20:07.28703+00', ''),
	('00000000-0000-0000-0000-000000000000', '53fb9522-392c-41f1-a4aa-e187bae3500c', '{"action":"token_revoked","actor_id":"559f26dd-7a83-49c1-be50-62531260e98d","actor_username":"admin_geral@teste.com","actor_via_sso":false,"log_type":"token"}', '2025-10-08 17:20:07.288331+00', ''),
	('00000000-0000-0000-0000-000000000000', '463d2904-a7d2-4775-807b-dc74b02c8b14', '{"action":"token_refreshed","actor_id":"559f26dd-7a83-49c1-be50-62531260e98d","actor_username":"admin_geral@teste.com","actor_via_sso":false,"log_type":"token"}', '2025-10-08 19:08:59.822181+00', ''),
	('00000000-0000-0000-0000-000000000000', '7059e1e9-856d-4f3c-835c-13f7d466a713', '{"action":"token_revoked","actor_id":"559f26dd-7a83-49c1-be50-62531260e98d","actor_username":"admin_geral@teste.com","actor_via_sso":false,"log_type":"token"}', '2025-10-08 19:08:59.850953+00', ''),
	('00000000-0000-0000-0000-000000000000', '84c7f955-5179-442e-85c8-fcfa0250a05f', '{"action":"token_refreshed","actor_id":"559f26dd-7a83-49c1-be50-62531260e98d","actor_username":"admin_geral@teste.com","actor_via_sso":false,"log_type":"token"}', '2025-10-08 19:09:00.013383+00', ''),
	('00000000-0000-0000-0000-000000000000', '7c1732d2-f552-45b4-98ae-d9c48a0b542d', '{"action":"login","actor_id":"559f26dd-7a83-49c1-be50-62531260e98d","actor_username":"admin_geral@teste.com","actor_via_sso":false,"log_type":"account","traits":{"provider":"email"}}', '2025-10-08 22:07:46.779255+00', ''),
	('00000000-0000-0000-0000-000000000000', '36c27467-e42b-4a51-b22b-0bde8e13f68d', '{"action":"login","actor_id":"f116b809-b80f-41a0-9318-6a1d4a6aed1f","actor_name":"Jorge","actor_username":"personal.j.a@outlook.com","actor_via_sso":false,"log_type":"account","traits":{"provider":"email"}}', '2025-10-08 22:08:52.188922+00', ''),
	('00000000-0000-0000-0000-000000000000', '23ac4ee1-81ab-4bb1-9125-2ff10b8fd849', '{"action":"logout","actor_id":"f116b809-b80f-41a0-9318-6a1d4a6aed1f","actor_name":"Jorge","actor_username":"personal.j.a@outlook.com","actor_via_sso":false,"log_type":"account"}', '2025-10-08 22:09:07.563851+00', ''),
	('00000000-0000-0000-0000-000000000000', 'e18dd7c5-d012-4723-9d4e-29e64a9ef84b', '{"action":"login","actor_id":"14b4147a-10be-40bb-981f-ecc21d2817c5","actor_name":"JORGE AUGUSTO ALVES DOS SANTOS","actor_username":"teste@teste.com","actor_via_sso":false,"log_type":"account","traits":{"provider":"email"}}', '2025-10-08 22:09:15.832057+00', ''),
	('00000000-0000-0000-0000-000000000000', 'c5cbd40c-6233-4746-a9de-911d6f05955b', '{"action":"logout","actor_id":"14b4147a-10be-40bb-981f-ecc21d2817c5","actor_name":"JORGE AUGUSTO ALVES DOS SANTOS","actor_username":"teste@teste.com","actor_via_sso":false,"log_type":"account"}', '2025-10-08 22:09:17.64911+00', ''),
	('00000000-0000-0000-0000-000000000000', '152d4f86-0051-465f-a062-52ad913e4772', '{"action":"login","actor_id":"a40fbfd3-2d37-42ad-82f8-1966f10a6572","actor_name":"José Azevedo","actor_username":"josemodelo@teste.com","actor_via_sso":false,"log_type":"account","traits":{"provider":"email"}}', '2025-10-08 22:09:20.893484+00', ''),
	('00000000-0000-0000-0000-000000000000', 'fef32dec-f619-4213-9f37-bf673ac0ca03', '{"action":"logout","actor_id":"559f26dd-7a83-49c1-be50-62531260e98d","actor_username":"admin_geral@teste.com","actor_via_sso":false,"log_type":"account"}', '2025-10-08 22:56:31.994705+00', ''),
	('00000000-0000-0000-0000-000000000000', '6fa044c5-2e1f-4567-ad48-f478bbeb41e1', '{"action":"login","actor_id":"559f26dd-7a83-49c1-be50-62531260e98d","actor_username":"admin_geral@teste.com","actor_via_sso":false,"log_type":"account","traits":{"provider":"email"}}', '2025-10-08 22:56:33.832304+00', ''),
	('00000000-0000-0000-0000-000000000000', 'a2adf776-7e3f-4074-ae9d-5f1ca8498876', '{"action":"token_refreshed","actor_id":"a40fbfd3-2d37-42ad-82f8-1966f10a6572","actor_name":"José Azevedo","actor_username":"josemodelo@teste.com","actor_via_sso":false,"log_type":"token"}', '2025-10-08 23:07:52.114367+00', ''),
	('00000000-0000-0000-0000-000000000000', 'a4506f4d-42d8-4d85-a91c-6c9639aabfdf', '{"action":"token_revoked","actor_id":"a40fbfd3-2d37-42ad-82f8-1966f10a6572","actor_name":"José Azevedo","actor_username":"josemodelo@teste.com","actor_via_sso":false,"log_type":"token"}', '2025-10-08 23:07:52.119798+00', ''),
	('00000000-0000-0000-0000-000000000000', '1fe0f02b-0a93-481c-b6ad-857c697a24f3', '{"action":"token_refreshed","actor_id":"559f26dd-7a83-49c1-be50-62531260e98d","actor_username":"admin_geral@teste.com","actor_via_sso":false,"log_type":"token"}', '2025-10-08 23:56:14.32885+00', ''),
	('00000000-0000-0000-0000-000000000000', '922d664e-6a01-4900-b8de-1637c48a12ab', '{"action":"token_revoked","actor_id":"559f26dd-7a83-49c1-be50-62531260e98d","actor_username":"admin_geral@teste.com","actor_via_sso":false,"log_type":"token"}', '2025-10-08 23:56:14.34748+00', ''),
	('00000000-0000-0000-0000-000000000000', 'c55871f8-3de3-4f8b-974e-2518dc11e374', '{"action":"logout","actor_id":"559f26dd-7a83-49c1-be50-62531260e98d","actor_username":"admin_geral@teste.com","actor_via_sso":false,"log_type":"account"}', '2025-10-08 23:57:53.092826+00', ''),
	('00000000-0000-0000-0000-000000000000', '551736c8-0212-4b81-aeab-cddb1a2b825a', '{"action":"login","actor_id":"f116b809-b80f-41a0-9318-6a1d4a6aed1f","actor_name":"Jorge","actor_username":"personal.j.a@outlook.com","actor_via_sso":false,"log_type":"account","traits":{"provider":"email"}}', '2025-10-08 23:57:56.575072+00', ''),
	('00000000-0000-0000-0000-000000000000', '9415c85a-caa2-4b35-86a7-7660b5988892', '{"action":"token_refreshed","actor_id":"a40fbfd3-2d37-42ad-82f8-1966f10a6572","actor_name":"José Azevedo","actor_username":"josemodelo@teste.com","actor_via_sso":false,"log_type":"token"}', '2025-10-09 14:06:16.357298+00', ''),
	('00000000-0000-0000-0000-000000000000', '75a94903-6d1a-4e61-852e-5272e3412b5c', '{"action":"token_revoked","actor_id":"a40fbfd3-2d37-42ad-82f8-1966f10a6572","actor_name":"José Azevedo","actor_username":"josemodelo@teste.com","actor_via_sso":false,"log_type":"token"}', '2025-10-09 14:06:16.386247+00', ''),
	('00000000-0000-0000-0000-000000000000', 'd820ea6a-9004-4793-86a4-43e2fe8b1cae', '{"action":"token_refreshed","actor_id":"f116b809-b80f-41a0-9318-6a1d4a6aed1f","actor_name":"Jorge","actor_username":"personal.j.a@outlook.com","actor_via_sso":false,"log_type":"token"}', '2025-10-09 15:08:04.455803+00', ''),
	('00000000-0000-0000-0000-000000000000', '145d9a1f-7bd1-4fb4-8acb-df69ec6e5eb7', '{"action":"token_revoked","actor_id":"f116b809-b80f-41a0-9318-6a1d4a6aed1f","actor_name":"Jorge","actor_username":"personal.j.a@outlook.com","actor_via_sso":false,"log_type":"token"}', '2025-10-09 15:08:04.468411+00', ''),
	('00000000-0000-0000-0000-000000000000', '1be4e191-aa73-48a9-be3d-2a23e4be0640', '{"action":"logout","actor_id":"f116b809-b80f-41a0-9318-6a1d4a6aed1f","actor_name":"Jorge","actor_username":"personal.j.a@outlook.com","actor_via_sso":false,"log_type":"account"}', '2025-10-09 15:20:12.339119+00', ''),
	('00000000-0000-0000-0000-000000000000', '9afd3872-7e87-4919-989a-e93a058f3a83', '{"action":"login","actor_id":"559f26dd-7a83-49c1-be50-62531260e98d","actor_username":"admin_geral@teste.com","actor_via_sso":false,"log_type":"account","traits":{"provider":"email"}}', '2025-10-09 15:20:16.421346+00', ''),
	('00000000-0000-0000-0000-000000000000', '0ae4d655-f175-4a67-b466-fb80045aaa7b', '{"action":"logout","actor_id":"559f26dd-7a83-49c1-be50-62531260e98d","actor_username":"admin_geral@teste.com","actor_via_sso":false,"log_type":"account"}', '2025-10-09 15:20:42.318989+00', ''),
	('00000000-0000-0000-0000-000000000000', 'e0cc5032-3e00-440a-9800-bd7bb0142f0a', '{"action":"login","actor_id":"f116b809-b80f-41a0-9318-6a1d4a6aed1f","actor_name":"Jorge","actor_username":"personal.j.a@outlook.com","actor_via_sso":false,"log_type":"account","traits":{"provider":"email"}}', '2025-10-09 15:20:47.053815+00', ''),
	('00000000-0000-0000-0000-000000000000', '003a2b3a-3026-44b3-b61b-d43959bd03aa', '{"action":"logout","actor_id":"f116b809-b80f-41a0-9318-6a1d4a6aed1f","actor_name":"Jorge","actor_username":"personal.j.a@outlook.com","actor_via_sso":false,"log_type":"account"}', '2025-10-09 15:22:08.933456+00', ''),
	('00000000-0000-0000-0000-000000000000', '2ddbc6ee-6be3-4cd4-9aca-af3241324ac7', '{"action":"login","actor_id":"559f26dd-7a83-49c1-be50-62531260e98d","actor_username":"admin_geral@teste.com","actor_via_sso":false,"log_type":"account","traits":{"provider":"email"}}', '2025-10-09 15:22:12.863766+00', ''),
	('00000000-0000-0000-0000-000000000000', '9cdb1ff2-a3dc-44ee-9d59-965ef0209eef', '{"action":"logout","actor_id":"559f26dd-7a83-49c1-be50-62531260e98d","actor_username":"admin_geral@teste.com","actor_via_sso":false,"log_type":"account"}', '2025-10-09 15:22:39.117619+00', ''),
	('00000000-0000-0000-0000-000000000000', '7882b652-6df4-40ef-85f9-277e39c2e42b', '{"action":"login","actor_id":"f116b809-b80f-41a0-9318-6a1d4a6aed1f","actor_name":"Jorge","actor_username":"personal.j.a@outlook.com","actor_via_sso":false,"log_type":"account","traits":{"provider":"email"}}', '2025-10-09 15:22:42.636663+00', ''),
	('00000000-0000-0000-0000-000000000000', 'dc45d954-9f71-4637-95b2-f84b7de9f13c', '{"action":"logout","actor_id":"f116b809-b80f-41a0-9318-6a1d4a6aed1f","actor_name":"Jorge","actor_username":"personal.j.a@outlook.com","actor_via_sso":false,"log_type":"account"}', '2025-10-09 15:22:59.794079+00', ''),
	('00000000-0000-0000-0000-000000000000', 'ffa71f48-f37c-4fdd-b1ad-5fc0580c14aa', '{"action":"login","actor_id":"559f26dd-7a83-49c1-be50-62531260e98d","actor_username":"admin_geral@teste.com","actor_via_sso":false,"log_type":"account","traits":{"provider":"email"}}', '2025-10-09 15:23:04.384514+00', ''),
	('00000000-0000-0000-0000-000000000000', 'ff38f583-549d-4efe-9030-f87a5b763f5c', '{"action":"logout","actor_id":"559f26dd-7a83-49c1-be50-62531260e98d","actor_username":"admin_geral@teste.com","actor_via_sso":false,"log_type":"account"}', '2025-10-09 15:23:58.615001+00', ''),
	('00000000-0000-0000-0000-000000000000', 'b74282ff-b89d-4c2a-a269-fd984e937f13', '{"action":"login","actor_id":"f116b809-b80f-41a0-9318-6a1d4a6aed1f","actor_name":"Jorge","actor_username":"personal.j.a@outlook.com","actor_via_sso":false,"log_type":"account","traits":{"provider":"email"}}', '2025-10-09 15:24:01.402515+00', ''),
	('00000000-0000-0000-0000-000000000000', 'e132fcf1-6e33-48a9-9b05-a9cbb94f1c89', '{"action":"logout","actor_id":"f116b809-b80f-41a0-9318-6a1d4a6aed1f","actor_name":"Jorge","actor_username":"personal.j.a@outlook.com","actor_via_sso":false,"log_type":"account"}', '2025-10-09 15:37:44.285771+00', ''),
	('00000000-0000-0000-0000-000000000000', '0ffdd608-0a0c-462b-89cb-3908ea0fea6e', '{"action":"login","actor_id":"f116b809-b80f-41a0-9318-6a1d4a6aed1f","actor_name":"Jorge","actor_username":"personal.j.a@outlook.com","actor_via_sso":false,"log_type":"account","traits":{"provider":"email"}}', '2025-10-09 15:41:28.254605+00', ''),
	('00000000-0000-0000-0000-000000000000', '9144c683-53ea-47ec-bc47-bfb73c7ee7b9', '{"action":"logout","actor_id":"f116b809-b80f-41a0-9318-6a1d4a6aed1f","actor_name":"Jorge","actor_username":"personal.j.a@outlook.com","actor_via_sso":false,"log_type":"account"}', '2025-10-09 15:42:04.200029+00', ''),
	('00000000-0000-0000-0000-000000000000', '1fda804a-1020-459d-a8f3-d8d322d228e0', '{"action":"login","actor_id":"559f26dd-7a83-49c1-be50-62531260e98d","actor_username":"admin_geral@teste.com","actor_via_sso":false,"log_type":"account","traits":{"provider":"email"}}', '2025-10-09 15:42:08.183304+00', ''),
	('00000000-0000-0000-0000-000000000000', '005522ae-a40e-4518-92a9-a500a47e4911', '{"action":"logout","actor_id":"559f26dd-7a83-49c1-be50-62531260e98d","actor_username":"admin_geral@teste.com","actor_via_sso":false,"log_type":"account"}', '2025-10-09 15:46:13.939848+00', ''),
	('00000000-0000-0000-0000-000000000000', '46ac5464-816c-46fb-8ccb-4befe5e9436b', '{"action":"login","actor_id":"f116b809-b80f-41a0-9318-6a1d4a6aed1f","actor_name":"Jorge","actor_username":"personal.j.a@outlook.com","actor_via_sso":false,"log_type":"account","traits":{"provider":"email"}}', '2025-10-09 15:46:17.283175+00', ''),
	('00000000-0000-0000-0000-000000000000', 'e78d3da9-5c8a-4f47-89c3-9a4e56b0daef', '{"action":"logout","actor_id":"f116b809-b80f-41a0-9318-6a1d4a6aed1f","actor_name":"Jorge","actor_username":"personal.j.a@outlook.com","actor_via_sso":false,"log_type":"account"}', '2025-10-09 16:04:05.379196+00', ''),
	('00000000-0000-0000-0000-000000000000', '7b2f823a-082a-4f8b-856f-c09f4a35204f', '{"action":"login","actor_id":"559f26dd-7a83-49c1-be50-62531260e98d","actor_username":"admin_geral@teste.com","actor_via_sso":false,"log_type":"account","traits":{"provider":"email"}}', '2025-10-09 16:04:08.879377+00', ''),
	('00000000-0000-0000-0000-000000000000', '9bd6cee4-966a-4936-af05-958556789323', '{"action":"logout","actor_id":"559f26dd-7a83-49c1-be50-62531260e98d","actor_username":"admin_geral@teste.com","actor_via_sso":false,"log_type":"account"}', '2025-10-09 16:22:29.493133+00', ''),
	('00000000-0000-0000-0000-000000000000', '8c42f8d4-077c-4a4a-8722-21a60b487cb6', '{"action":"login","actor_id":"f116b809-b80f-41a0-9318-6a1d4a6aed1f","actor_name":"Jorge","actor_username":"personal.j.a@outlook.com","actor_via_sso":false,"log_type":"account","traits":{"provider":"email"}}', '2025-10-09 16:22:33.60949+00', ''),
	('00000000-0000-0000-0000-000000000000', 'd9fa5d88-af16-46e7-a729-39b5e7351b71', '{"action":"token_refreshed","actor_id":"f116b809-b80f-41a0-9318-6a1d4a6aed1f","actor_name":"Jorge","actor_username":"personal.j.a@outlook.com","actor_via_sso":false,"log_type":"token"}', '2025-10-09 23:02:21.492316+00', ''),
	('00000000-0000-0000-0000-000000000000', '4c1b7f54-fdd4-4954-a65e-10a0ae75ece2', '{"action":"token_revoked","actor_id":"f116b809-b80f-41a0-9318-6a1d4a6aed1f","actor_name":"Jorge","actor_username":"personal.j.a@outlook.com","actor_via_sso":false,"log_type":"token"}', '2025-10-09 23:02:21.520234+00', ''),
	('00000000-0000-0000-0000-000000000000', 'af658114-d93f-4473-81d2-b54a493509bc', '{"action":"logout","actor_id":"f116b809-b80f-41a0-9318-6a1d4a6aed1f","actor_name":"Jorge","actor_username":"personal.j.a@outlook.com","actor_via_sso":false,"log_type":"account"}', '2025-10-09 23:02:52.241781+00', ''),
	('00000000-0000-0000-0000-000000000000', '1d1fc250-1c39-4435-9fdb-a593939ed301', '{"action":"login","actor_id":"559f26dd-7a83-49c1-be50-62531260e98d","actor_username":"admin_geral@teste.com","actor_via_sso":false,"log_type":"account","traits":{"provider":"email"}}', '2025-10-09 23:02:59.417518+00', ''),
	('00000000-0000-0000-0000-000000000000', '74faea5e-6bc6-409a-bcec-3b634cfddce5', '{"action":"logout","actor_id":"559f26dd-7a83-49c1-be50-62531260e98d","actor_username":"admin_geral@teste.com","actor_via_sso":false,"log_type":"account"}', '2025-10-09 23:04:13.298321+00', ''),
	('00000000-0000-0000-0000-000000000000', 'b2c07d7a-4367-43dc-8737-eb038e264043', '{"action":"login","actor_id":"f116b809-b80f-41a0-9318-6a1d4a6aed1f","actor_name":"Jorge","actor_username":"personal.j.a@outlook.com","actor_via_sso":false,"log_type":"account","traits":{"provider":"email"}}', '2025-10-09 23:04:16.599237+00', ''),
	('00000000-0000-0000-0000-000000000000', '5a8e5619-0fdd-43dc-a9b3-3f3f88025b72', '{"action":"logout","actor_id":"f116b809-b80f-41a0-9318-6a1d4a6aed1f","actor_name":"Jorge","actor_username":"personal.j.a@outlook.com","actor_via_sso":false,"log_type":"account"}', '2025-10-09 23:05:20.704876+00', ''),
	('00000000-0000-0000-0000-000000000000', '9b8067ee-b8ee-4db4-9f3b-da2424a6633a', '{"action":"login","actor_id":"559f26dd-7a83-49c1-be50-62531260e98d","actor_username":"admin_geral@teste.com","actor_via_sso":false,"log_type":"account","traits":{"provider":"email"}}', '2025-10-09 23:05:24.528457+00', ''),
	('00000000-0000-0000-0000-000000000000', '85d7791b-dc69-4fd9-85ed-12dcf92caf2e', '{"action":"logout","actor_id":"559f26dd-7a83-49c1-be50-62531260e98d","actor_username":"admin_geral@teste.com","actor_via_sso":false,"log_type":"account"}', '2025-10-09 23:06:47.114246+00', ''),
	('00000000-0000-0000-0000-000000000000', '4c7b1cbc-e130-44e8-818e-a33fd0ca9ae8', '{"action":"login","actor_id":"f116b809-b80f-41a0-9318-6a1d4a6aed1f","actor_name":"Jorge","actor_username":"personal.j.a@outlook.com","actor_via_sso":false,"log_type":"account","traits":{"provider":"email"}}', '2025-10-09 23:06:52.30242+00', ''),
	('00000000-0000-0000-0000-000000000000', '2fbbfd24-55de-40bc-b9d1-18fac059b335', '{"action":"user_signedup","actor_id":"00000000-0000-0000-0000-000000000000","actor_username":"service_role","actor_via_sso":false,"log_type":"team","traits":{"provider":"email","user_email":"aluno1@teste.com","user_id":"f55d88a3-b109-4149-938e-cdd90f398a69","user_phone":""}}', '2025-10-09 23:26:22.078196+00', ''),
	('00000000-0000-0000-0000-000000000000', '3d8cae8a-2e6c-4359-b4a1-8fb587c6f773', '{"action":"logout","actor_id":"f116b809-b80f-41a0-9318-6a1d4a6aed1f","actor_name":"Jorge","actor_username":"personal.j.a@outlook.com","actor_via_sso":false,"log_type":"account"}', '2025-10-09 23:26:42.938845+00', ''),
	('00000000-0000-0000-0000-000000000000', '9d9ba8d7-7bf9-4117-9d5f-9a13f0bdf461', '{"action":"login","actor_id":"559f26dd-7a83-49c1-be50-62531260e98d","actor_username":"admin_geral@teste.com","actor_via_sso":false,"log_type":"account","traits":{"provider":"email"}}', '2025-10-09 23:26:47.151541+00', ''),
	('00000000-0000-0000-0000-000000000000', 'a1190df8-fdb1-4e16-9212-454ca90003d6', '{"action":"logout","actor_id":"559f26dd-7a83-49c1-be50-62531260e98d","actor_username":"admin_geral@teste.com","actor_via_sso":false,"log_type":"account"}', '2025-10-09 23:27:19.811593+00', ''),
	('00000000-0000-0000-0000-000000000000', 'e06ea9d2-9ee8-4eb5-8d70-d204aaab7918', '{"action":"login","actor_id":"f55d88a3-b109-4149-938e-cdd90f398a69","actor_username":"aluno1@teste.com","actor_via_sso":false,"log_type":"account","traits":{"provider":"email"}}', '2025-10-09 23:27:33.513906+00', ''),
	('00000000-0000-0000-0000-000000000000', 'f5161afd-f0a3-4b11-9dd1-97e5a19cb942', '{"action":"logout","actor_id":"f55d88a3-b109-4149-938e-cdd90f398a69","actor_username":"aluno1@teste.com","actor_via_sso":false,"log_type":"account"}', '2025-10-09 23:41:40.767193+00', ''),
	('00000000-0000-0000-0000-000000000000', '7580650e-18d4-4ac7-8bea-9ad5c18f4929', '{"action":"login","actor_id":"559f26dd-7a83-49c1-be50-62531260e98d","actor_username":"admin_geral@teste.com","actor_via_sso":false,"log_type":"account","traits":{"provider":"email"}}', '2025-10-09 23:41:42.642662+00', ''),
	('00000000-0000-0000-0000-000000000000', '08c25845-def1-47d4-90c9-6bff50f229ae', '{"action":"logout","actor_id":"559f26dd-7a83-49c1-be50-62531260e98d","actor_username":"admin_geral@teste.com","actor_via_sso":false,"log_type":"account"}', '2025-10-09 23:42:52.151887+00', ''),
	('00000000-0000-0000-0000-000000000000', 'cfe592eb-d948-433d-a0b0-839b9a92340c', '{"action":"login","actor_id":"f116b809-b80f-41a0-9318-6a1d4a6aed1f","actor_name":"Jorge","actor_username":"personal.j.a@outlook.com","actor_via_sso":false,"log_type":"account","traits":{"provider":"email"}}', '2025-10-09 23:42:55.085541+00', ''),
	('00000000-0000-0000-0000-000000000000', 'd1faf64b-58e2-48c1-ab3e-27fd5358440f', '{"action":"logout","actor_id":"f116b809-b80f-41a0-9318-6a1d4a6aed1f","actor_name":"Jorge","actor_username":"personal.j.a@outlook.com","actor_via_sso":false,"log_type":"account"}', '2025-10-09 23:47:32.905211+00', ''),
	('00000000-0000-0000-0000-000000000000', 'd1a5efa6-010d-4f41-a4d2-6f97bd036087', '{"action":"login","actor_id":"559f26dd-7a83-49c1-be50-62531260e98d","actor_username":"admin_geral@teste.com","actor_via_sso":false,"log_type":"account","traits":{"provider":"email"}}', '2025-10-09 23:47:36.748214+00', ''),
	('00000000-0000-0000-0000-000000000000', 'ef3e8993-ba08-488c-a7a7-d13e4b453b4c', '{"action":"logout","actor_id":"559f26dd-7a83-49c1-be50-62531260e98d","actor_username":"admin_geral@teste.com","actor_via_sso":false,"log_type":"account"}', '2025-10-09 23:49:23.916375+00', ''),
	('00000000-0000-0000-0000-000000000000', '0841d32a-a444-4088-8343-32393e14e006', '{"action":"login","actor_id":"f116b809-b80f-41a0-9318-6a1d4a6aed1f","actor_name":"Jorge","actor_username":"personal.j.a@outlook.com","actor_via_sso":false,"log_type":"account","traits":{"provider":"email"}}', '2025-10-09 23:49:27.296681+00', ''),
	('00000000-0000-0000-0000-000000000000', '8a36830b-f448-47ed-a7b0-d6e29464d28d', '{"action":"logout","actor_id":"f116b809-b80f-41a0-9318-6a1d4a6aed1f","actor_name":"Jorge","actor_username":"personal.j.a@outlook.com","actor_via_sso":false,"log_type":"account"}', '2025-10-09 23:49:35.712322+00', ''),
	('00000000-0000-0000-0000-000000000000', 'ea1dcee5-c290-4c4b-9ef7-c6c5960e4af0', '{"action":"login","actor_id":"559f26dd-7a83-49c1-be50-62531260e98d","actor_username":"admin_geral@teste.com","actor_via_sso":false,"log_type":"account","traits":{"provider":"email"}}', '2025-10-09 23:49:39.256065+00', ''),
	('00000000-0000-0000-0000-000000000000', '78bd0b15-9397-4cf0-93b1-367da6faa401', '{"action":"logout","actor_id":"559f26dd-7a83-49c1-be50-62531260e98d","actor_username":"admin_geral@teste.com","actor_via_sso":false,"log_type":"account"}', '2025-10-09 23:50:05.670579+00', ''),
	('00000000-0000-0000-0000-000000000000', 'deb298ea-5868-4fca-ab92-108847db2acf', '{"action":"login","actor_id":"f116b809-b80f-41a0-9318-6a1d4a6aed1f","actor_name":"Jorge","actor_username":"personal.j.a@outlook.com","actor_via_sso":false,"log_type":"account","traits":{"provider":"email"}}', '2025-10-09 23:50:09.473152+00', ''),
	('00000000-0000-0000-0000-000000000000', '45d2258f-cf6c-4169-b0da-95eac309f392', '{"action":"logout","actor_id":"f116b809-b80f-41a0-9318-6a1d4a6aed1f","actor_name":"Jorge","actor_username":"personal.j.a@outlook.com","actor_via_sso":false,"log_type":"account"}', '2025-10-09 23:50:33.212624+00', ''),
	('00000000-0000-0000-0000-000000000000', 'ad991a3e-d97f-449d-8d2a-67f7b62f2990', '{"action":"login","actor_id":"559f26dd-7a83-49c1-be50-62531260e98d","actor_username":"admin_geral@teste.com","actor_via_sso":false,"log_type":"account","traits":{"provider":"email"}}', '2025-10-09 23:50:36.411465+00', ''),
	('00000000-0000-0000-0000-000000000000', '1dd095cf-72be-4581-bdef-2c4b1369d286', '{"action":"login","actor_id":"f116b809-b80f-41a0-9318-6a1d4a6aed1f","actor_name":"Jorge","actor_username":"personal.j.a@outlook.com","actor_via_sso":false,"log_type":"account","traits":{"provider":"email"}}', '2025-10-09 23:51:46.827782+00', ''),
	('00000000-0000-0000-0000-000000000000', '3af53a73-e7ed-445e-bd78-b7264b6e2529', '{"action":"token_refreshed","actor_id":"f116b809-b80f-41a0-9318-6a1d4a6aed1f","actor_name":"Jorge","actor_username":"personal.j.a@outlook.com","actor_via_sso":false,"log_type":"token"}', '2025-10-10 11:29:33.079533+00', ''),
	('00000000-0000-0000-0000-000000000000', '1137cdfa-bbcf-477c-889a-6b6acb9e69f8', '{"action":"token_revoked","actor_id":"f116b809-b80f-41a0-9318-6a1d4a6aed1f","actor_name":"Jorge","actor_username":"personal.j.a@outlook.com","actor_via_sso":false,"log_type":"token"}', '2025-10-10 11:29:33.09413+00', ''),
	('00000000-0000-0000-0000-000000000000', '7d0c03da-2ea4-4831-965f-c52e8195b2dc', '{"action":"token_refreshed","actor_id":"559f26dd-7a83-49c1-be50-62531260e98d","actor_username":"admin_geral@teste.com","actor_via_sso":false,"log_type":"token"}', '2025-10-10 11:29:34.323553+00', ''),
	('00000000-0000-0000-0000-000000000000', '4e74f6c1-6f08-4fef-aa16-4ff56f877e73', '{"action":"token_revoked","actor_id":"559f26dd-7a83-49c1-be50-62531260e98d","actor_username":"admin_geral@teste.com","actor_via_sso":false,"log_type":"token"}', '2025-10-10 11:29:34.327631+00', ''),
	('00000000-0000-0000-0000-000000000000', '1813c5b2-b374-42ac-be79-063804fea3b6', '{"action":"token_refreshed","actor_id":"f116b809-b80f-41a0-9318-6a1d4a6aed1f","actor_name":"Jorge","actor_username":"personal.j.a@outlook.com","actor_via_sso":false,"log_type":"token"}', '2025-10-10 12:27:40.349106+00', ''),
	('00000000-0000-0000-0000-000000000000', '466ced1a-3eb1-43ee-b5f9-3e796fc0bfe6', '{"action":"token_revoked","actor_id":"f116b809-b80f-41a0-9318-6a1d4a6aed1f","actor_name":"Jorge","actor_username":"personal.j.a@outlook.com","actor_via_sso":false,"log_type":"token"}', '2025-10-10 12:27:40.360434+00', ''),
	('00000000-0000-0000-0000-000000000000', '3a266abd-da7f-41ab-b310-0c201e74b8a7', '{"action":"token_refreshed","actor_id":"559f26dd-7a83-49c1-be50-62531260e98d","actor_username":"admin_geral@teste.com","actor_via_sso":false,"log_type":"token"}', '2025-10-10 12:28:05.283073+00', ''),
	('00000000-0000-0000-0000-000000000000', 'a351c560-4baa-45f6-b5da-eb036df294e8', '{"action":"token_revoked","actor_id":"559f26dd-7a83-49c1-be50-62531260e98d","actor_username":"admin_geral@teste.com","actor_via_sso":false,"log_type":"token"}', '2025-10-10 12:28:05.284755+00', ''),
	('00000000-0000-0000-0000-000000000000', 'e3421dbe-5504-462b-b3d8-c953e6291807', '{"action":"token_refreshed","actor_id":"f116b809-b80f-41a0-9318-6a1d4a6aed1f","actor_name":"Jorge","actor_username":"personal.j.a@outlook.com","actor_via_sso":false,"log_type":"token"}', '2025-10-10 13:26:55.422261+00', ''),
	('00000000-0000-0000-0000-000000000000', '9215b6ec-5a11-4da2-ab4e-9774fbc99cd3', '{"action":"token_revoked","actor_id":"f116b809-b80f-41a0-9318-6a1d4a6aed1f","actor_name":"Jorge","actor_username":"personal.j.a@outlook.com","actor_via_sso":false,"log_type":"token"}', '2025-10-10 13:26:55.446855+00', ''),
	('00000000-0000-0000-0000-000000000000', '04f004fa-fdde-43d8-8e96-806e5c97a470', '{"action":"token_refreshed","actor_id":"559f26dd-7a83-49c1-be50-62531260e98d","actor_username":"admin_geral@teste.com","actor_via_sso":false,"log_type":"token"}', '2025-10-10 13:26:56.239976+00', ''),
	('00000000-0000-0000-0000-000000000000', '1c7c72d3-9654-4ed9-910c-e7489e7a9789', '{"action":"token_revoked","actor_id":"559f26dd-7a83-49c1-be50-62531260e98d","actor_username":"admin_geral@teste.com","actor_via_sso":false,"log_type":"token"}', '2025-10-10 13:26:56.241269+00', ''),
	('00000000-0000-0000-0000-000000000000', 'a283d7c2-2a5c-479f-8e6c-64406d2aa5fc', '{"action":"logout","actor_id":"559f26dd-7a83-49c1-be50-62531260e98d","actor_username":"admin_geral@teste.com","actor_via_sso":false,"log_type":"account"}', '2025-10-10 14:06:42.628325+00', ''),
	('00000000-0000-0000-0000-000000000000', '2645a06d-42c0-4b47-b85b-13ad9cd45750', '{"action":"login","actor_id":"559f26dd-7a83-49c1-be50-62531260e98d","actor_username":"admin_geral@teste.com","actor_via_sso":false,"log_type":"account","traits":{"provider":"email"}}', '2025-10-10 14:09:32.886808+00', ''),
	('00000000-0000-0000-0000-000000000000', 'e52d0da2-a067-4ce8-9302-5acd9fb8d4b1', '{"action":"token_refreshed","actor_id":"f116b809-b80f-41a0-9318-6a1d4a6aed1f","actor_name":"Jorge","actor_username":"personal.j.a@outlook.com","actor_via_sso":false,"log_type":"token"}', '2025-10-10 14:26:33.609755+00', ''),
	('00000000-0000-0000-0000-000000000000', 'b5782996-b72b-44d9-9ec4-e7746178e942', '{"action":"token_revoked","actor_id":"f116b809-b80f-41a0-9318-6a1d4a6aed1f","actor_name":"Jorge","actor_username":"personal.j.a@outlook.com","actor_via_sso":false,"log_type":"token"}', '2025-10-10 14:26:33.618336+00', ''),
	('00000000-0000-0000-0000-000000000000', '52bd83ab-c8b3-47eb-9604-4017030e59d7', '{"action":"token_refreshed","actor_id":"a7d79312-1c49-4cd9-9970-5dfe2bca9443","actor_name":"Jorge Teste","actor_username":"testejorge@teste.com","actor_via_sso":false,"log_type":"token"}', '2025-10-10 14:43:16.090341+00', ''),
	('00000000-0000-0000-0000-000000000000', '77ae3720-03b7-4e7f-b1d2-6b3c60cc1b23', '{"action":"token_revoked","actor_id":"a7d79312-1c49-4cd9-9970-5dfe2bca9443","actor_name":"Jorge Teste","actor_username":"testejorge@teste.com","actor_via_sso":false,"log_type":"token"}', '2025-10-10 14:43:16.101644+00', ''),
	('00000000-0000-0000-0000-000000000000', '83dc0b1e-e05c-40c1-9173-49196b279386', '{"action":"logout","actor_id":"a7d79312-1c49-4cd9-9970-5dfe2bca9443","actor_name":"Jorge Teste","actor_username":"testejorge@teste.com","actor_via_sso":false,"log_type":"account"}', '2025-10-10 14:43:18.900145+00', ''),
	('00000000-0000-0000-0000-000000000000', '6f0e1be4-f934-4ce7-ad05-f5326058ff63', '{"action":"login","actor_id":"559f26dd-7a83-49c1-be50-62531260e98d","actor_username":"admin_geral@teste.com","actor_via_sso":false,"log_type":"account","traits":{"provider":"email"}}', '2025-10-10 14:43:22.439437+00', ''),
	('00000000-0000-0000-0000-000000000000', 'f2dd636f-8bc5-47e1-a653-65d94f7247ff', '{"action":"token_refreshed","actor_id":"f116b809-b80f-41a0-9318-6a1d4a6aed1f","actor_name":"Jorge","actor_username":"personal.j.a@outlook.com","actor_via_sso":false,"log_type":"token"}', '2025-10-10 15:25:20.406596+00', ''),
	('00000000-0000-0000-0000-000000000000', '7a40d4a5-cfed-4b33-8a5d-0d81443c3044', '{"action":"token_revoked","actor_id":"f116b809-b80f-41a0-9318-6a1d4a6aed1f","actor_name":"Jorge","actor_username":"personal.j.a@outlook.com","actor_via_sso":false,"log_type":"token"}', '2025-10-10 15:25:20.423625+00', ''),
	('00000000-0000-0000-0000-000000000000', 'cb2abedd-6849-4917-9969-d797d7ab0c88', '{"action":"logout","actor_id":"f116b809-b80f-41a0-9318-6a1d4a6aed1f","actor_name":"Jorge","actor_username":"personal.j.a@outlook.com","actor_via_sso":false,"log_type":"account"}', '2025-10-10 15:39:48.581987+00', ''),
	('00000000-0000-0000-0000-000000000000', '162e240d-d433-4ce7-b8f8-00c8297a242f', '{"action":"login","actor_id":"f116b809-b80f-41a0-9318-6a1d4a6aed1f","actor_name":"Jorge","actor_username":"personal.j.a@outlook.com","actor_via_sso":false,"log_type":"account","traits":{"provider":"email"}}', '2025-10-10 15:40:21.13721+00', ''),
	('00000000-0000-0000-0000-000000000000', '51ad9465-6824-4705-931b-6f55054e0a7b', '{"action":"token_refreshed","actor_id":"559f26dd-7a83-49c1-be50-62531260e98d","actor_username":"admin_geral@teste.com","actor_via_sso":false,"log_type":"token"}', '2025-10-10 15:43:27.397344+00', ''),
	('00000000-0000-0000-0000-000000000000', '2583a519-d65b-4358-a249-5fe361a5bfba', '{"action":"token_revoked","actor_id":"559f26dd-7a83-49c1-be50-62531260e98d","actor_username":"admin_geral@teste.com","actor_via_sso":false,"log_type":"token"}', '2025-10-10 15:43:27.408178+00', ''),
	('00000000-0000-0000-0000-000000000000', '8bb280e3-f50f-4429-868f-5ab8a4b62e18', '{"action":"logout","actor_id":"559f26dd-7a83-49c1-be50-62531260e98d","actor_username":"admin_geral@teste.com","actor_via_sso":false,"log_type":"account"}', '2025-10-10 16:33:22.855282+00', ''),
	('00000000-0000-0000-0000-000000000000', 'c86aea93-9c88-42a0-a2c0-29d3de9f6390', '{"action":"login","actor_id":"870558d4-cb8e-4051-97f5-f9309ee4a9e8","actor_name":"Maria Gestora","actor_username":"gestor@gradgate.com","actor_via_sso":false,"log_type":"account","traits":{"provider":"email"}}', '2025-10-10 16:34:28.034851+00', ''),
	('00000000-0000-0000-0000-000000000000', '59793406-cd07-4635-a855-8f522ed8bf92', '{"action":"logout","actor_id":"870558d4-cb8e-4051-97f5-f9309ee4a9e8","actor_name":"Maria Gestora","actor_username":"gestor@gradgate.com","actor_via_sso":false,"log_type":"account"}', '2025-10-10 16:39:55.021766+00', ''),
	('00000000-0000-0000-0000-000000000000', 'e8a3f577-54d1-4c40-96ef-e936800b81c5', '{"action":"login","actor_id":"559f26dd-7a83-49c1-be50-62531260e98d","actor_username":"admin_geral@teste.com","actor_via_sso":false,"log_type":"account","traits":{"provider":"email"}}', '2025-10-10 16:39:58.020731+00', ''),
	('00000000-0000-0000-0000-000000000000', '7a688b01-ce58-4bca-a2b1-d074c96a72a0', '{"action":"token_refreshed","actor_id":"f116b809-b80f-41a0-9318-6a1d4a6aed1f","actor_name":"Jorge","actor_username":"personal.j.a@outlook.com","actor_via_sso":false,"log_type":"token"}', '2025-10-10 16:43:28.544558+00', ''),
	('00000000-0000-0000-0000-000000000000', 'dabb36dd-6d35-4840-ba9c-cbf77215eb0c', '{"action":"token_revoked","actor_id":"f116b809-b80f-41a0-9318-6a1d4a6aed1f","actor_name":"Jorge","actor_username":"personal.j.a@outlook.com","actor_via_sso":false,"log_type":"token"}', '2025-10-10 16:43:28.551155+00', ''),
	('00000000-0000-0000-0000-000000000000', 'ed96cc1a-60c5-44c7-921c-4f0b193532de', '{"action":"logout","actor_id":"559f26dd-7a83-49c1-be50-62531260e98d","actor_username":"admin_geral@teste.com","actor_via_sso":false,"log_type":"account"}', '2025-10-10 16:52:39.667662+00', ''),
	('00000000-0000-0000-0000-000000000000', 'c6a126e3-787e-4231-9e41-e80250ec624b', '{"action":"login","actor_id":"870558d4-cb8e-4051-97f5-f9309ee4a9e8","actor_name":"Maria Gestora","actor_username":"gestor@gradgate.com","actor_via_sso":false,"log_type":"account","traits":{"provider":"email"}}', '2025-10-10 16:52:44.725763+00', ''),
	('00000000-0000-0000-0000-000000000000', '604dd006-ce16-4ce7-9dde-ec1cc7c6b0c6', '{"action":"logout","actor_id":"870558d4-cb8e-4051-97f5-f9309ee4a9e8","actor_name":"Maria Gestora","actor_username":"gestor@gradgate.com","actor_via_sso":false,"log_type":"account"}', '2025-10-10 16:53:27.354425+00', ''),
	('00000000-0000-0000-0000-000000000000', '8b78f608-5143-4e2c-965d-bedb11ef8f6f', '{"action":"login","actor_id":"03c3be5e-96c6-48eb-915b-a45ea217b78e","actor_name":"João Vendedor","actor_username":"vendedor@gradgate.com","actor_via_sso":false,"log_type":"account","traits":{"provider":"email"}}', '2025-10-10 16:53:34.904098+00', ''),
	('00000000-0000-0000-0000-000000000000', 'f7e22161-2359-4241-bd34-f6537c467731', '{"action":"logout","actor_id":"03c3be5e-96c6-48eb-915b-a45ea217b78e","actor_name":"João Vendedor","actor_username":"vendedor@gradgate.com","actor_via_sso":false,"log_type":"account"}', '2025-10-10 16:53:46.717329+00', ''),
	('00000000-0000-0000-0000-000000000000', '655dbd87-d2bf-4d4d-9961-994ccd4d5140', '{"action":"login","actor_id":"870558d4-cb8e-4051-97f5-f9309ee4a9e8","actor_name":"Maria Gestora","actor_username":"gestor@gradgate.com","actor_via_sso":false,"log_type":"account","traits":{"provider":"email"}}', '2025-10-10 16:53:48.745806+00', ''),
	('00000000-0000-0000-0000-000000000000', '73510012-c1e8-4a44-bf1a-33f3dcad3734', '{"action":"logout","actor_id":"870558d4-cb8e-4051-97f5-f9309ee4a9e8","actor_name":"Maria Gestora","actor_username":"gestor@gradgate.com","actor_via_sso":false,"log_type":"account"}', '2025-10-10 17:06:24.517486+00', ''),
	('00000000-0000-0000-0000-000000000000', 'ea8a7697-d931-459b-9c60-6272b8cdad80', '{"action":"login","actor_id":"559f26dd-7a83-49c1-be50-62531260e98d","actor_username":"admin_geral@teste.com","actor_via_sso":false,"log_type":"account","traits":{"provider":"email"}}', '2025-10-10 17:06:28.666865+00', ''),
	('00000000-0000-0000-0000-000000000000', '1b8dd8fb-3245-48b7-a791-df7fc1b0f8d0', '{"action":"logout","actor_id":"559f26dd-7a83-49c1-be50-62531260e98d","actor_username":"admin_geral@teste.com","actor_via_sso":false,"log_type":"account"}', '2025-10-10 17:07:07.987632+00', ''),
	('00000000-0000-0000-0000-000000000000', 'ea3f44ff-40e2-4340-9414-e7fc81219851', '{"action":"login","actor_id":"870558d4-cb8e-4051-97f5-f9309ee4a9e8","actor_name":"Maria Gestora","actor_username":"gestor@gradgate.com","actor_via_sso":false,"log_type":"account","traits":{"provider":"email"}}', '2025-10-10 17:07:11.583198+00', ''),
	('00000000-0000-0000-0000-000000000000', '7c5384ca-d543-4b67-b9ed-b72603907ee6', '{"action":"user_signedup","actor_id":"00000000-0000-0000-0000-000000000000","actor_username":"service_role","actor_via_sso":false,"log_type":"team","traits":{"provider":"email","user_email":"vendasd@vendas.com","user_id":"c9c208ec-d572-4a00-9965-f3d52e12d212","user_phone":""}}', '2025-10-10 17:07:42.624296+00', ''),
	('00000000-0000-0000-0000-000000000000', '93b1c41a-049a-4067-8cd0-68b8e244b8a1', '{"action":"user_signedup","actor_id":"00000000-0000-0000-0000-000000000000","actor_username":"service_role","actor_via_sso":false,"log_type":"team","traits":{"provider":"email","user_email":"vendas@novo.com","user_id":"d6d60aba-919d-46c4-8bc8-62f33c0a4f9c","user_phone":""}}', '2025-10-10 17:38:53.732121+00', ''),
	('00000000-0000-0000-0000-000000000000', '674085b6-e840-4d4e-acd7-dddf38af5408', '{"action":"user_signedup","actor_id":"00000000-0000-0000-0000-000000000000","actor_username":"service_role","actor_via_sso":false,"log_type":"team","traits":{"provider":"email","user_email":"novo@vend.com","user_id":"3c58b06a-9f3e-49ee-9de8-d5b4b5fb0529","user_phone":""}}', '2025-10-10 17:41:51.603167+00', ''),
	('00000000-0000-0000-0000-000000000000', '685339c7-6cbf-47b0-8f0b-d12a60e4ff9d', '{"action":"user_signedup","actor_id":"00000000-0000-0000-0000-000000000000","actor_username":"service_role","actor_via_sso":false,"log_type":"team","traits":{"provider":"email","user_email":"vend@teste.com","user_id":"d0834b94-ffe1-4a7a-a98f-505b71c23370","user_phone":""}}', '2025-10-10 17:45:56.861711+00', ''),
	('00000000-0000-0000-0000-000000000000', 'ab3f516d-e32c-448a-b3cd-0bd6e87e88ac', '{"action":"logout","actor_id":"870558d4-cb8e-4051-97f5-f9309ee4a9e8","actor_name":"Maria Gestora","actor_username":"gestor@gradgate.com","actor_via_sso":false,"log_type":"account"}', '2025-10-10 17:47:12.43698+00', ''),
	('00000000-0000-0000-0000-000000000000', 'e22335a9-c630-4694-a01d-9348a80fd250', '{"action":"login","actor_id":"559f26dd-7a83-49c1-be50-62531260e98d","actor_username":"admin_geral@teste.com","actor_via_sso":false,"log_type":"account","traits":{"provider":"email"}}', '2025-10-10 17:47:15.387676+00', ''),
	('00000000-0000-0000-0000-000000000000', 'bf48949e-38af-46b5-b1e6-07602e7d6401', '{"action":"user_signedup","actor_id":"00000000-0000-0000-0000-000000000000","actor_username":"service_role","actor_via_sso":false,"log_type":"team","traits":{"provider":"email","user_email":"gestor@teste.com","user_id":"1a1330f8-06fe-484a-95df-a713d584f95d","user_phone":""}}', '2025-10-10 17:47:33.331694+00', ''),
	('00000000-0000-0000-0000-000000000000', '4dbd98c3-ffe1-4826-b735-0c9a06bee860', '{"action":"logout","actor_id":"559f26dd-7a83-49c1-be50-62531260e98d","actor_username":"admin_geral@teste.com","actor_via_sso":false,"log_type":"account"}', '2025-10-10 17:48:38.419622+00', ''),
	('00000000-0000-0000-0000-000000000000', '93e037b7-c103-4aef-a821-6afd54981a4b', '{"action":"login","actor_id":"1a1330f8-06fe-484a-95df-a713d584f95d","actor_name":"GEstor","actor_username":"gestor@teste.com","actor_via_sso":false,"log_type":"account","traits":{"provider":"email"}}', '2025-10-10 17:48:44.616474+00', ''),
	('00000000-0000-0000-0000-000000000000', 'e97598c7-9910-43f5-bf3d-d90aa7655416', '{"action":"logout","actor_id":"1a1330f8-06fe-484a-95df-a713d584f95d","actor_name":"GEstor","actor_username":"gestor@teste.com","actor_via_sso":false,"log_type":"account"}', '2025-10-10 17:48:53.500423+00', ''),
	('00000000-0000-0000-0000-000000000000', 'ef2c0c19-be76-4a31-ad76-0c68ef96f925', '{"action":"login","actor_id":"559f26dd-7a83-49c1-be50-62531260e98d","actor_username":"admin_geral@teste.com","actor_via_sso":false,"log_type":"account","traits":{"provider":"email"}}', '2025-10-10 17:48:55.864452+00', ''),
	('00000000-0000-0000-0000-000000000000', '904effae-d9d8-4c08-8459-a51404687055', '{"action":"logout","actor_id":"559f26dd-7a83-49c1-be50-62531260e98d","actor_username":"admin_geral@teste.com","actor_via_sso":false,"log_type":"account"}', '2025-10-10 17:49:17.306964+00', ''),
	('00000000-0000-0000-0000-000000000000', 'f6f66a42-97c5-495a-b9bf-6198e3e54e2b', '{"action":"login","actor_id":"1a1330f8-06fe-484a-95df-a713d584f95d","actor_name":"GEstor","actor_username":"gestor@teste.com","actor_via_sso":false,"log_type":"account","traits":{"provider":"email"}}', '2025-10-10 17:49:24.818011+00', ''),
	('00000000-0000-0000-0000-000000000000', 'f4baac4a-c41b-4cf6-84a8-c907cd01c6ad', '{"action":"user_signedup","actor_id":"00000000-0000-0000-0000-000000000000","actor_username":"service_role","actor_via_sso":false,"log_type":"team","traits":{"provider":"email","user_email":"vend@nadia.com","user_id":"55b4a14e-afeb-4fd7-ae89-b041356c0cbc","user_phone":""}}', '2025-10-10 17:52:23.490419+00', ''),
	('00000000-0000-0000-0000-000000000000', '41385f54-aa09-4ba2-9e99-37c7ac5a6dbd', '{"action":"user_signedup","actor_id":"00000000-0000-0000-0000-000000000000","actor_username":"service_role","actor_via_sso":false,"log_type":"team","traits":{"provider":"email","user_email":"dasdas@dasd.com","user_id":"576cad0c-800a-4e24-85e2-f58b05efe2f2","user_phone":""}}', '2025-10-10 18:03:54.952376+00', ''),
	('00000000-0000-0000-0000-000000000000', '16ab55ca-b899-46cb-bad9-e42dfd08a9a4', '{"action":"logout","actor_id":"1a1330f8-06fe-484a-95df-a713d584f95d","actor_name":"GEstor","actor_username":"gestor@teste.com","actor_via_sso":false,"log_type":"account"}', '2025-10-10 18:08:19.298159+00', ''),
	('00000000-0000-0000-0000-000000000000', '523388bd-a7bb-4a7c-a886-8847c7978301', '{"action":"login","actor_id":"559f26dd-7a83-49c1-be50-62531260e98d","actor_username":"admin_geral@teste.com","actor_via_sso":false,"log_type":"account","traits":{"provider":"email"}}', '2025-10-10 18:08:21.06448+00', ''),
	('00000000-0000-0000-0000-000000000000', '3c37e778-b4e8-4f4a-be40-65e621526196', '{"action":"user_signedup","actor_id":"00000000-0000-0000-0000-000000000000","actor_username":"service_role","actor_via_sso":false,"log_type":"team","traits":{"provider":"email","user_email":"admin_gedasdral@teste.com","user_id":"bd185116-ce58-41d5-82ca-0ece138b3665","user_phone":""}}', '2025-10-10 18:08:33.841624+00', ''),
	('00000000-0000-0000-0000-000000000000', '3eefaeaa-32b5-40aa-a376-367b77e1374f', '{"action":"user_signedup","actor_id":"00000000-0000-0000-0000-000000000000","actor_username":"service_role","actor_via_sso":false,"log_type":"team","traits":{"provider":"email","user_email":"dasdaral@teste.com","user_id":"5f095ea7-eca0-4562-90dd-c37b91668493","user_phone":""}}', '2025-10-10 18:10:22.250544+00', ''),
	('00000000-0000-0000-0000-000000000000', '9bed81d9-8619-4f88-9dc6-ed71059492ef', '{"action":"user_signedup","actor_id":"00000000-0000-0000-0000-000000000000","actor_username":"service_role","actor_via_sso":false,"log_type":"team","traits":{"provider":"email","user_email":"adasdasda@teste.com","user_id":"de90f25d-b3a6-4839-be51-d18e6f8730b7","user_phone":""}}', '2025-10-10 18:12:15.882818+00', ''),
	('00000000-0000-0000-0000-000000000000', '43e644da-0e3b-4a91-b6f8-b66ebe28fa34', '{"action":"token_refreshed","actor_id":"559f26dd-7a83-49c1-be50-62531260e98d","actor_username":"admin_geral@teste.com","actor_via_sso":false,"log_type":"token"}', '2025-10-10 19:06:29.33193+00', ''),
	('00000000-0000-0000-0000-000000000000', '88c48b4b-8d73-44f4-81c9-1587e2b849c5', '{"action":"token_revoked","actor_id":"559f26dd-7a83-49c1-be50-62531260e98d","actor_username":"admin_geral@teste.com","actor_via_sso":false,"log_type":"token"}', '2025-10-10 19:06:29.346305+00', ''),
	('00000000-0000-0000-0000-000000000000', '94b8961e-79e9-43e2-9653-4d813876d390', '{"action":"token_refreshed","actor_id":"559f26dd-7a83-49c1-be50-62531260e98d","actor_username":"admin_geral@teste.com","actor_via_sso":false,"log_type":"token"}', '2025-10-10 20:52:40.716352+00', ''),
	('00000000-0000-0000-0000-000000000000', 'ec967b56-bd44-4f30-a3c2-b6ef44daaae0', '{"action":"token_revoked","actor_id":"559f26dd-7a83-49c1-be50-62531260e98d","actor_username":"admin_geral@teste.com","actor_via_sso":false,"log_type":"token"}', '2025-10-10 20:52:40.747327+00', ''),
	('00000000-0000-0000-0000-000000000000', '86cb2571-7b2d-4df4-9390-3cea054bdb25', '{"action":"token_refreshed","actor_id":"559f26dd-7a83-49c1-be50-62531260e98d","actor_username":"admin_geral@teste.com","actor_via_sso":false,"log_type":"token"}', '2025-10-11 11:23:44.190371+00', ''),
	('00000000-0000-0000-0000-000000000000', '5f362de4-8c0f-4603-8628-485523f88d20', '{"action":"token_revoked","actor_id":"559f26dd-7a83-49c1-be50-62531260e98d","actor_username":"admin_geral@teste.com","actor_via_sso":false,"log_type":"token"}', '2025-10-11 11:23:44.200488+00', ''),
	('00000000-0000-0000-0000-000000000000', 'ac5894ce-422f-4c7d-8f8f-5a5c51310085', '{"action":"token_refreshed","actor_id":"559f26dd-7a83-49c1-be50-62531260e98d","actor_username":"admin_geral@teste.com","actor_via_sso":false,"log_type":"token"}', '2025-10-11 11:23:47.523704+00', ''),
	('00000000-0000-0000-0000-000000000000', 'd0b64ac0-26c5-4e3c-8353-6928f2fceca6', '{"action":"token_refreshed","actor_id":"559f26dd-7a83-49c1-be50-62531260e98d","actor_username":"admin_geral@teste.com","actor_via_sso":false,"log_type":"token"}', '2025-10-11 12:22:18.118031+00', ''),
	('00000000-0000-0000-0000-000000000000', '0e7699ea-b899-4b3e-8e0b-5a265c727c43', '{"action":"token_revoked","actor_id":"559f26dd-7a83-49c1-be50-62531260e98d","actor_username":"admin_geral@teste.com","actor_via_sso":false,"log_type":"token"}', '2025-10-11 12:22:18.144206+00', ''),
	('00000000-0000-0000-0000-000000000000', '302723a2-e77d-4b3d-8934-866f3d91ada2', '{"action":"login","actor_id":"559f26dd-7a83-49c1-be50-62531260e98d","actor_username":"admin_geral@teste.com","actor_via_sso":false,"log_type":"account","traits":{"provider":"email"}}', '2025-10-13 11:42:24.63792+00', ''),
	('00000000-0000-0000-0000-000000000000', '5e286407-19cc-436a-97ea-74d60877a134', '{"action":"token_refreshed","actor_id":"559f26dd-7a83-49c1-be50-62531260e98d","actor_username":"admin_geral@teste.com","actor_via_sso":false,"log_type":"token"}', '2025-10-13 14:58:48.937046+00', ''),
	('00000000-0000-0000-0000-000000000000', '3305a5a3-66c8-45a2-9ba7-3aad8a0f408d', '{"action":"token_revoked","actor_id":"559f26dd-7a83-49c1-be50-62531260e98d","actor_username":"admin_geral@teste.com","actor_via_sso":false,"log_type":"token"}', '2025-10-13 14:58:48.951585+00', ''),
	('00000000-0000-0000-0000-000000000000', '908561fb-da95-4241-966c-9bbadd87c1d5', '{"action":"token_refreshed","actor_id":"559f26dd-7a83-49c1-be50-62531260e98d","actor_username":"admin_geral@teste.com","actor_via_sso":false,"log_type":"token"}', '2025-10-13 15:57:25.702933+00', ''),
	('00000000-0000-0000-0000-000000000000', 'c7b6bc35-169c-46ce-8bc0-5bfc93fb4243', '{"action":"token_revoked","actor_id":"559f26dd-7a83-49c1-be50-62531260e98d","actor_username":"admin_geral@teste.com","actor_via_sso":false,"log_type":"token"}', '2025-10-13 15:57:25.714402+00', ''),
	('00000000-0000-0000-0000-000000000000', '8158ced5-de83-4af1-ab1e-1a643e0b2549', '{"action":"token_refreshed","actor_id":"559f26dd-7a83-49c1-be50-62531260e98d","actor_username":"admin_geral@teste.com","actor_via_sso":false,"log_type":"token"}', '2025-10-13 17:21:20.387148+00', ''),
	('00000000-0000-0000-0000-000000000000', '32145b3a-d614-4bd0-ac4f-258ea5ba389e', '{"action":"token_revoked","actor_id":"559f26dd-7a83-49c1-be50-62531260e98d","actor_username":"admin_geral@teste.com","actor_via_sso":false,"log_type":"token"}', '2025-10-13 17:21:20.401356+00', ''),
	('00000000-0000-0000-0000-000000000000', '7114a5b6-c84d-40ac-a783-c77525006272', '{"action":"user_signedup","actor_id":"00000000-0000-0000-0000-000000000000","actor_username":"service_role","actor_via_sso":false,"log_type":"team","traits":{"provider":"email","user_email":"dasda11@teste.com","user_id":"ad205e5d-c86a-4919-ae3e-c8fa4656eda6","user_phone":""}}', '2025-10-13 17:41:30.229979+00', ''),
	('00000000-0000-0000-0000-000000000000', '9b3f0315-8166-452f-bcf9-036d1ca997d5', '{"action":"user_signedup","actor_id":"00000000-0000-0000-0000-000000000000","actor_username":"service_role","actor_via_sso":false,"log_type":"team","traits":{"provider":"email","user_email":"dwadasda@teste.com","user_id":"92de5374-e55b-45e7-94ad-20218ad3e4aa","user_phone":""}}', '2025-10-13 17:41:55.995021+00', ''),
	('00000000-0000-0000-0000-000000000000', 'd9b9ef56-8e07-4753-935e-4741cadb4245', '{"action":"user_signedup","actor_id":"00000000-0000-0000-0000-000000000000","actor_username":"service_role","actor_via_sso":false,"log_type":"team","traits":{"provider":"email","user_email":"alunomodelo1@teste.com","user_id":"a2371944-e6c4-4a98-b0c7-1b87d6814ddf","user_phone":""}}', '2025-10-13 17:42:44.018482+00', ''),
	('00000000-0000-0000-0000-000000000000', 'a129d027-1d5a-4ec6-856e-6063369150b1', '{"action":"user_signedup","actor_id":"00000000-0000-0000-0000-000000000000","actor_username":"service_role","actor_via_sso":false,"log_type":"team","traits":{"provider":"email","user_email":"alunoteste1@teste.com","user_id":"4f33beb2-c6ba-40a1-8af5-fd14bcfb43a7","user_phone":""}}', '2025-10-13 17:45:22.718931+00', ''),
	('00000000-0000-0000-0000-000000000000', 'ea34890c-a554-4b86-b588-680ba5916616', '{"action":"user_deleted","actor_id":"00000000-0000-0000-0000-000000000000","actor_username":"service_role","actor_via_sso":false,"log_type":"team","traits":{"user_email":"alunoteste1@teste.com","user_id":"4f33beb2-c6ba-40a1-8af5-fd14bcfb43a7","user_phone":""}}', '2025-10-13 17:45:22.870224+00', ''),
	('00000000-0000-0000-0000-000000000000', 'ce46d2a0-9967-4526-8204-3b5b5c74c2c1', '{"action":"user_signedup","actor_id":"00000000-0000-0000-0000-000000000000","actor_username":"service_role","actor_via_sso":false,"log_type":"team","traits":{"provider":"email","user_email":"alunoteste1@teste.com","user_id":"98ca2163-bd68-4951-befb-7c567633cd43","user_phone":""}}', '2025-10-13 17:46:58.550833+00', ''),
	('00000000-0000-0000-0000-000000000000', 'eacc806e-1279-4db4-bf30-3708d684d494', '{"action":"user_signedup","actor_id":"00000000-0000-0000-0000-000000000000","actor_username":"service_role","actor_via_sso":false,"log_type":"team","traits":{"provider":"email","user_email":"josealuno@teste.com","user_id":"c7524076-a75b-47b6-837a-8d402ab0e60e","user_phone":""}}', '2025-10-13 18:10:50.270889+00', ''),
	('00000000-0000-0000-0000-000000000000', '7b670c32-6ce8-4670-8849-cd52351f343a', '{"action":"user_signedup","actor_id":"00000000-0000-0000-0000-000000000000","actor_username":"service_role","actor_via_sso":false,"log_type":"team","traits":{"provider":"email","user_email":"vendedorjose@teste.com","user_id":"83606366-b061-402e-b2b3-97ca61744d9b","user_phone":""}}', '2025-10-13 18:11:38.354824+00', ''),
	('00000000-0000-0000-0000-000000000000', '8f3aabad-c4a1-4683-b2ba-00b95facace5', '{"action":"user_signedup","actor_id":"00000000-0000-0000-0000-000000000000","actor_username":"service_role","actor_via_sso":false,"log_type":"team","traits":{"provider":"email","user_email":"josecolaborador@teste.com","user_id":"d39379f0-e82e-45be-bbb9-5faf9ee66361","user_phone":""}}', '2025-10-13 18:12:27.051945+00', ''),
	('00000000-0000-0000-0000-000000000000', 'd044fedf-acdb-43fd-a6d1-93e5d3f16095', '{"action":"user_signedup","actor_id":"00000000-0000-0000-0000-000000000000","actor_username":"service_role","actor_via_sso":false,"log_type":"team","traits":{"provider":"email","user_email":"josegestor@teste.com","user_id":"a092fa31-b125-4b77-b9a2-ead753f103f3","user_phone":""}}', '2025-10-13 18:13:00.483748+00', ''),
	('00000000-0000-0000-0000-000000000000', '784ed8c7-1097-409e-be37-7b8d66e5fc2b', '{"action":"user_signedup","actor_id":"00000000-0000-0000-0000-000000000000","actor_username":"service_role","actor_via_sso":false,"log_type":"team","traits":{"provider":"email","user_email":"joseadmin@teste.com","user_id":"da45a93e-3735-4839-8823-3d23169d7a10","user_phone":""}}', '2025-10-13 18:13:36.815661+00', '');


--
-- Data for Name: flow_state; Type: TABLE DATA; Schema: auth; Owner: supabase_auth_admin
--



--
-- Data for Name: users; Type: TABLE DATA; Schema: auth; Owner: supabase_auth_admin
--

INSERT INTO "auth"."users" ("instance_id", "id", "aud", "role", "email", "encrypted_password", "email_confirmed_at", "invited_at", "confirmation_token", "confirmation_sent_at", "recovery_token", "recovery_sent_at", "email_change_token_new", "email_change", "email_change_sent_at", "last_sign_in_at", "raw_app_meta_data", "raw_user_meta_data", "is_super_admin", "created_at", "updated_at", "phone", "phone_confirmed_at", "phone_change", "phone_change_token", "phone_change_sent_at", "email_change_token_current", "email_change_confirm_status", "banned_until", "reauthentication_token", "reauthentication_sent_at", "is_sso_user", "deleted_at", "is_anonymous") VALUES
	('00000000-0000-0000-0000-000000000000', '14b4147a-10be-40bb-981f-ecc21d2817c5', 'authenticated', 'authenticated', 'teste@teste.com', '$2a$10$RNPufLksGOoVOjbPNVtik.u.VVuNVfCykZ8xtIo6ovWhrvSPnhHL2', '2025-09-26 20:42:04.131447+00', NULL, '', NULL, '', NULL, '', '', NULL, '2025-10-08 22:09:15.832772+00', '{"provider": "email", "providers": ["email"]}', '{"role": "admin_geral", "phone": "11980732523", "full_name": "JORGE AUGUSTO ALVES DOS SANTOS", "email_verified": true}', NULL, '2025-09-26 20:42:04.103249+00', '2025-10-08 22:09:15.835445+00', NULL, NULL, '', '', NULL, '', 0, NULL, '', NULL, false, NULL, false),
	('00000000-0000-0000-0000-000000000000', 'f116b809-b80f-41a0-9318-6a1d4a6aed1f', 'authenticated', 'authenticated', 'personal.j.a@outlook.com', '$2a$10$797hhxEMT9VjseVWYQECKe6c8mejj/3sefcmQB3AlyK6QeqoAn4Bm', '2025-09-26 02:57:49.842801+00', NULL, '', '2025-09-26 02:57:19.929226+00', '', '2025-09-29 20:32:51.875652+00', '', '', NULL, '2025-10-10 15:40:21.14279+00', '{"provider": "email", "providers": ["email"]}', '{"sub": "f116b809-b80f-41a0-9318-6a1d4a6aed1f", "role": "aluno", "email": "personal.j.a@outlook.com", "phone": "12312312312312312", "full_name": "Jorge", "email_verified": true, "phone_verified": false, "document_number": "131231231231231"}', NULL, '2025-09-26 02:57:19.923049+00', '2025-10-10 16:43:28.565576+00', NULL, NULL, '', '', NULL, '', 0, NULL, '', NULL, false, NULL, false),
	('00000000-0000-0000-0000-000000000000', '1a1330f8-06fe-484a-95df-a713d584f95d', 'authenticated', 'authenticated', 'gestor@teste.com', '$2a$10$oerlst/mUG5.aq1I2w2SmOsAOfT2gjYeZ2FhhD6YVE0IC9US1k.3G', '2025-10-10 17:47:33.33476+00', NULL, '', NULL, '', NULL, '', '', NULL, '2025-10-10 17:49:24.819062+00', '{"provider": "email", "providers": ["email"]}', '{"role": "gestor", "phone": "123456", "active": true, "full_name": "GEstor", "email_verified": true}', NULL, '2025-10-10 17:47:33.326418+00', '2025-10-10 17:49:24.820748+00', NULL, NULL, '', '', NULL, '', 0, NULL, '', NULL, false, NULL, false),
	('00000000-0000-0000-0000-000000000000', 'f55d88a3-b109-4149-938e-cdd90f398a69', 'authenticated', 'authenticated', 'aluno1@teste.com', '$2a$10$NjV8u1vPuNM9YvQms68sneSuBPOR0MArsPkZ.JL7QMNAmR0SEq5eW', '2025-10-09 23:26:22.091258+00', NULL, '', NULL, '', NULL, '', '', NULL, '2025-10-09 23:27:33.514755+00', '{"provider": "email", "providers": ["email"]}', '{"email_verified": true}', NULL, '2025-10-09 23:26:22.043846+00', '2025-10-09 23:27:33.516666+00', NULL, NULL, '', '', NULL, '', 0, NULL, '', NULL, false, NULL, false),
	('00000000-0000-0000-0000-000000000000', 'e25c56b5-80ad-4784-8060-288c6e1a6d57', 'authenticated', 'authenticated', 'colaborador@gradgate.com', '$2a$10$ccOwzJaJqc9.5Agpjoo70uWD0sCAKhbVN4Pn0xm2ujMd3VOSXGcDW', '2025-09-26 03:10:08.325899+00', NULL, '', NULL, '', NULL, '', '', NULL, '2025-10-08 14:18:23.888271+00', '{"provider": "email", "providers": ["email"]}', '{"role": "colaborador", "phone": "(11) 99999-4444", "full_name": "Ana Colaboradora", "email_verified": true, "document_number": "444.444.444-44"}', NULL, '2025-09-26 03:10:08.322132+00', '2025-10-08 14:18:23.891001+00', NULL, NULL, '', '', NULL, '', 0, NULL, '', NULL, false, NULL, false),
	('00000000-0000-0000-0000-000000000000', '48a60ee4-64be-4b05-870f-bbd475023e67', 'authenticated', 'authenticated', 'admin@gradgate.com', '$2a$10$i/EJ4umAWZSZvWI234V.5.6bEFIqTso/eyhlMI1q1tUi3j8E4ADOS', '2025-09-26 03:10:07.902993+00', NULL, '', NULL, '', NULL, '', '', NULL, '2025-09-26 16:41:04.240026+00', '{"provider": "email", "providers": ["email"]}', '{"role": "admin_geral", "phone": "(11) 99999-1111", "full_name": "Admin Sistema", "email_verified": true, "document_number": "111.111.111-11"}', NULL, '2025-09-26 03:10:07.895596+00', '2025-09-26 16:41:04.28513+00', NULL, NULL, '', '', NULL, '', 0, NULL, '', NULL, false, NULL, false),
	('00000000-0000-0000-0000-000000000000', '03c3be5e-96c6-48eb-915b-a45ea217b78e', 'authenticated', 'authenticated', 'vendedor@gradgate.com', '$2a$10$ri.o35koeEgGXmF6fABYxuOC7YZi8mPF7RxMkBENHTMM0GRURx5VW', '2025-09-26 03:10:08.203606+00', NULL, '', NULL, '', NULL, '', '', NULL, '2025-10-10 16:53:34.905112+00', '{"provider": "email", "providers": ["email"]}', '{"role": "vendedor", "phone": "(11) 99999-3333", "full_name": "João Vendedor", "email_verified": true, "document_number": "333.333.333-33"}', NULL, '2025-09-26 03:10:08.198535+00', '2025-10-10 16:53:34.90758+00', NULL, NULL, '', '', NULL, '', 0, NULL, '', NULL, false, NULL, false),
	('00000000-0000-0000-0000-000000000000', 'e28c30f1-590d-4da2-ae23-0ec986fecaf1', 'authenticated', 'authenticated', 'aluno@gradgate.com', '$2a$10$10UbPLj1wlJC2vJNGIgpZukaeVjvGyfCZ54GuQuWAqUO/Djf3o9sW', '2025-09-26 03:10:08.450493+00', NULL, '', NULL, '', NULL, '', '', NULL, '2025-10-08 14:20:22.149083+00', '{"provider": "email", "providers": ["email"]}', '{"role": "aluno", "phone": "(11) 99999-5555", "full_name": "Pedro Estudante", "email_verified": true, "document_number": "555.555.555-55"}', NULL, '2025-09-26 03:10:08.446626+00', '2025-10-08 14:20:22.151399+00', NULL, NULL, '', '', NULL, '', 0, NULL, '', NULL, false, NULL, false),
	('00000000-0000-0000-0000-000000000000', 'd6d60aba-919d-46c4-8bc8-62f33c0a4f9c', 'authenticated', 'authenticated', 'vendas@novo.com', '$2a$10$qigKKSAi4z97gUiLmS5G9.0ohZI3n3K.WxV3YtQrllXiHV29oND1e', '2025-10-10 17:38:53.740655+00', NULL, '', NULL, '', NULL, '', '', NULL, NULL, '{"provider": "email", "providers": ["email"]}', '{"role": "vendedor", "phone": "12312312", "active": true, "full_name": "vendedor novo", "email_verified": true}', NULL, '2025-10-10 17:38:53.722946+00', '2025-10-10 17:38:53.741574+00', NULL, NULL, '', '', NULL, '', 0, NULL, '', NULL, false, NULL, false),
	('00000000-0000-0000-0000-000000000000', 'c9c208ec-d572-4a00-9965-f3d52e12d212', 'authenticated', 'authenticated', 'vendasd@vendas.com', '$2a$10$XhqMvHAp10vIBakmV8Tm4OnbjQkqWywyz9amf17ahLwWzzYJhc3hW', '2025-10-10 17:07:42.626687+00', NULL, '', NULL, '', NULL, '', '', NULL, NULL, '{"provider": "email", "providers": ["email"]}', '{"role": "vendedor", "phone": "123123", "active": true, "full_name": "vendedor teste", "email_verified": true}', NULL, '2025-10-10 17:07:42.600231+00', '2025-10-10 17:07:42.627521+00', NULL, NULL, '', '', NULL, '', 0, NULL, '', NULL, false, NULL, false),
	('00000000-0000-0000-0000-000000000000', 'a40fbfd3-2d37-42ad-82f8-1966f10a6572', 'authenticated', 'authenticated', 'josemodelo@teste.com', '$2a$10$RAkgvQKWKoGC0OygYinC2OaHsin1C0ZsZsbVD0aiNT3r52rbpfVVy', '2025-10-02 13:49:23.720277+00', NULL, '', NULL, '', '2025-10-02 17:42:08.847798+00', '', '', NULL, '2025-10-08 22:09:20.894566+00', '{"provider": "email", "providers": ["email"]}', '{"role": "aluno", "phone": "11980808080", "full_name": "José Azevedo", "email_verified": true}', NULL, '2025-10-02 13:49:23.676014+00', '2025-10-09 14:06:16.429768+00', NULL, NULL, '', '', NULL, '', 0, NULL, '', NULL, false, NULL, false),
	('00000000-0000-0000-0000-000000000000', '870558d4-cb8e-4051-97f5-f9309ee4a9e8', 'authenticated', 'authenticated', 'gestor@gradgate.com', '$2a$10$1GOL6NkjuSZbAahiTigkGuo4Lx57VAwwirCGSWrxzf43YqtHp8hWe', '2025-09-26 03:10:08.036548+00', NULL, '', NULL, '', NULL, '', '', NULL, '2025-10-10 17:07:11.584194+00', '{"provider": "email", "providers": ["email"]}', '{"role": "gestor", "phone": "(11) 99999-2222", "full_name": "Maria Gestora", "email_verified": true, "document_number": "222.222.222-22"}', NULL, '2025-09-26 03:10:08.032733+00', '2025-10-10 17:07:11.585981+00', NULL, NULL, '', '', NULL, '', 0, NULL, '', NULL, false, NULL, false),
	('00000000-0000-0000-0000-000000000000', 'a7d79312-1c49-4cd9-9970-5dfe2bca9443', 'authenticated', 'authenticated', 'testejorge@teste.com', '$2a$10$98buExpxPGbAPvzsYv7jDOJaw2HMi9JhHGJ5NjJKdc3X3Mkklj2EO', '2025-10-03 01:53:10.240377+00', NULL, '', NULL, '', NULL, '', '', NULL, '2025-10-08 14:36:35.942355+00', '{"provider": "email", "providers": ["email"]}', '{"role": "aluno", "phone": "119880808", "full_name": "Jorge Teste", "email_verified": true}', NULL, '2025-10-03 01:53:10.221437+00', '2025-10-10 14:43:16.12103+00', NULL, NULL, '', '', NULL, '', 0, NULL, '', NULL, false, NULL, false),
	('00000000-0000-0000-0000-000000000000', '3c58b06a-9f3e-49ee-9de8-d5b4b5fb0529', 'authenticated', 'authenticated', 'novo@vend.com', '$2a$10$8VSgb/NYg7a4z/KmmwfR7.WS0cHseoNusqhC2r86c7BQxyAOLtlJe', '2025-10-10 17:41:51.605747+00', NULL, '', NULL, '', NULL, '', '', NULL, NULL, '{"provider": "email", "providers": ["email"]}', '{"role": "vendedor", "phone": "123132123", "active": true, "full_name": "vendedor tes", "email_verified": true}', NULL, '2025-10-10 17:41:51.596764+00', '2025-10-10 17:41:51.607828+00', NULL, NULL, '', '', NULL, '', 0, NULL, '', NULL, false, NULL, false),
	('00000000-0000-0000-0000-000000000000', 'd0834b94-ffe1-4a7a-a98f-505b71c23370', 'authenticated', 'authenticated', 'vend@teste.com', '$2a$10$8kjgCn9FpLuUvYAZ5Aa1g./Mg8A7saqo7d5lXELgplhFMxD1qm4Bq', '2025-10-10 17:45:56.867931+00', NULL, '', NULL, '', NULL, '', '', NULL, NULL, '{"provider": "email", "providers": ["email"]}', '{"role": "vendedor", "phone": "12313", "active": true, "full_name": "modelo vend", "email_verified": true}', NULL, '2025-10-10 17:45:56.851286+00', '2025-10-10 17:45:56.868855+00', NULL, NULL, '', '', NULL, '', 0, NULL, '', NULL, false, NULL, false),
	('00000000-0000-0000-0000-000000000000', '559f26dd-7a83-49c1-be50-62531260e98d', 'authenticated', 'authenticated', 'admin_geral@teste.com', '$2a$10$96DlfybJRYTb8QWKsfqOrOyUvIDc4ApZLmU7ynmsIy1fKROW0smGG', '2025-09-26 03:05:16.605151+00', NULL, '', NULL, '', NULL, '', '', NULL, '2025-10-13 11:42:24.674729+00', '{"provider": "email", "providers": ["email"]}', '{"email_verified": true}', NULL, '2025-09-26 03:05:16.577969+00', '2025-10-13 17:21:20.424938+00', NULL, NULL, '', '', NULL, '', 0, NULL, '', NULL, false, NULL, false),
	('00000000-0000-0000-0000-000000000000', '55b4a14e-afeb-4fd7-ae89-b041356c0cbc', 'authenticated', 'authenticated', 'vend@nadia.com', '$2a$10$jbJnJElEBHjobNg6P6HviemaPN9dTFbt2yKRhlyw7v9z4Wmn8mmGq', '2025-10-10 17:52:23.49606+00', NULL, '', NULL, '', NULL, '', '', NULL, NULL, '{"provider": "email", "providers": ["email"]}', '{"email_verified": true}', NULL, '2025-10-10 17:52:23.478431+00', '2025-10-10 17:52:23.496949+00', NULL, NULL, '', '', NULL, '', 0, NULL, '', NULL, false, NULL, false),
	('00000000-0000-0000-0000-000000000000', '576cad0c-800a-4e24-85e2-f58b05efe2f2', 'authenticated', 'authenticated', 'dasdas@dasd.com', '$2a$10$x1gLJ9v.U4xI9x1LlQailOi81AaCP.uCiDRAhkdQXi8Il1y6.2.IK', '2025-10-10 18:03:54.962892+00', NULL, '', NULL, '', NULL, '', '', NULL, NULL, '{"provider": "email", "providers": ["email"]}', '{"email_verified": true}', NULL, '2025-10-10 18:03:54.896423+00', '2025-10-10 18:03:54.965162+00', NULL, NULL, '', '', NULL, '', 0, NULL, '', NULL, false, NULL, false),
	('00000000-0000-0000-0000-000000000000', 'bd185116-ce58-41d5-82ca-0ece138b3665', 'authenticated', 'authenticated', 'admin_gedasdral@teste.com', '$2a$10$lqElf7BMl0u3DmqhRoSCaOkCbAISgsoppMzlqTDPf0ZQopt/DJOIy', '2025-10-10 18:08:33.843135+00', NULL, '', NULL, '', NULL, '', '', NULL, NULL, '{"provider": "email", "providers": ["email"]}', '{"email_verified": true}', NULL, '2025-10-10 18:08:33.833299+00', '2025-10-10 18:08:33.843987+00', NULL, NULL, '', '', NULL, '', 0, NULL, '', NULL, false, NULL, false),
	('00000000-0000-0000-0000-000000000000', '5f095ea7-eca0-4562-90dd-c37b91668493', 'authenticated', 'authenticated', 'dasdaral@teste.com', '$2a$10$5sIqP9HSz77vB4Q5gK.JvOLUBGrlNablfmzhJnLC7qKXf8J4G1oX.', '2025-10-10 18:10:22.253216+00', NULL, '', NULL, '', NULL, '', '', NULL, NULL, '{"provider": "email", "providers": ["email"]}', '{"email_verified": true}', NULL, '2025-10-10 18:10:22.244844+00', '2025-10-10 18:10:22.256309+00', NULL, NULL, '', '', NULL, '', 0, NULL, '', NULL, false, NULL, false),
	('00000000-0000-0000-0000-000000000000', 'de90f25d-b3a6-4839-be51-d18e6f8730b7', 'authenticated', 'authenticated', 'adasdasda@teste.com', '$2a$10$S/VzHo6DdgvrCT0SefAYyOk7LEZOZtVWmpBuCu/I4zB1gQn1Sdbje', '2025-10-10 18:12:15.897649+00', NULL, '', NULL, '', NULL, '', '', NULL, NULL, '{"provider": "email", "providers": ["email"]}', '{"email_verified": true}', NULL, '2025-10-10 18:12:15.860937+00', '2025-10-10 18:12:15.904595+00', NULL, NULL, '', '', NULL, '', 0, NULL, '', NULL, false, NULL, false),
	('00000000-0000-0000-0000-000000000000', 'ad205e5d-c86a-4919-ae3e-c8fa4656eda6', 'authenticated', 'authenticated', 'dasda11@teste.com', '$2a$10$zNrYyDAQKRfEwYU1iduA7es7zqrBLQobQCEuzymvU.XtFt44vKINe', '2025-10-13 17:41:30.242107+00', NULL, '', NULL, '', NULL, '', '', NULL, NULL, '{"provider": "email", "providers": ["email"]}', '{"role": "aluno", "phone": "12312", "active": true, "full_name": "dasda", "email_verified": true}', NULL, '2025-10-13 17:41:30.221427+00', '2025-10-13 17:41:30.243075+00', NULL, NULL, '', '', NULL, '', 0, NULL, '', NULL, false, NULL, false),
	('00000000-0000-0000-0000-000000000000', '92de5374-e55b-45e7-94ad-20218ad3e4aa', 'authenticated', 'authenticated', 'dwadasda@teste.com', '$2a$10$Apw/nYo1t1B7FlQWQ.2FQ.cB1Zjj.mHtJeXCoJ3MKTHG1kz65jWCG', '2025-10-13 17:41:55.996979+00', NULL, '', NULL, '', NULL, '', '', NULL, NULL, '{"provider": "email", "providers": ["email"]}', '{"role": "vendedor", "phone": "131231", "active": true, "full_name": "asdasda", "email_verified": true}', NULL, '2025-10-13 17:41:55.98969+00', '2025-10-13 17:41:55.998587+00', NULL, NULL, '', '', NULL, '', 0, NULL, '', NULL, false, NULL, false),
	('00000000-0000-0000-0000-000000000000', 'a2371944-e6c4-4a98-b0c7-1b87d6814ddf', 'authenticated', 'authenticated', 'alunomodelo1@teste.com', '$2a$10$QhxrWX9Koc7qOgalkmiHpOGhUZLLcAICVTfd45Z5wqRXLmz6q5deK', '2025-10-13 17:42:44.019874+00', NULL, '', NULL, '', NULL, '', '', NULL, NULL, '{"provider": "email", "providers": ["email"]}', '{"role": "aluno", "phone": "1231231", "active": true, "full_name": "aluno modelo 1", "email_verified": true}', NULL, '2025-10-13 17:42:44.016347+00', '2025-10-13 17:42:44.021188+00', NULL, NULL, '', '', NULL, '', 0, NULL, '', NULL, false, NULL, false),
	('00000000-0000-0000-0000-000000000000', 'c7524076-a75b-47b6-837a-8d402ab0e60e', 'authenticated', 'authenticated', 'josealuno@teste.com', '$2a$10$FtVFu5t0QVhwqUI17OErKOmBvefUsC4fqpcksF1zbKHx.PQ1gZTbq', '2025-10-13 18:10:50.277584+00', NULL, '', NULL, '', NULL, '', '', NULL, NULL, '{"provider": "email", "providers": ["email"]}', '{"email_verified": true}', NULL, '2025-10-13 18:10:50.261554+00', '2025-10-13 18:10:50.278458+00', NULL, NULL, '', '', NULL, '', 0, NULL, '', NULL, false, NULL, false),
	('00000000-0000-0000-0000-000000000000', 'da45a93e-3735-4839-8823-3d23169d7a10', 'authenticated', 'authenticated', 'joseadmin@teste.com', '$2a$10$0KMab0M.ZsBDsLV/RrRTWOk2u3URHIBa3i8Gb8TUL8Iy3QJbEgnaK', '2025-10-13 18:13:36.817408+00', NULL, '', NULL, '', NULL, '', '', NULL, NULL, '{"provider": "email", "providers": ["email"]}', '{"email_verified": true}', NULL, '2025-10-13 18:13:36.812514+00', '2025-10-13 18:13:36.818779+00', NULL, NULL, '', '', NULL, '', 0, NULL, '', NULL, false, NULL, false),
	('00000000-0000-0000-0000-000000000000', '83606366-b061-402e-b2b3-97ca61744d9b', 'authenticated', 'authenticated', 'vendedorjose@teste.com', '$2a$10$TS7Y7RoMW.RupKMBKhdqtuc0eR5qgOSOPiw/umOk4xLJwIkMthcBm', '2025-10-13 18:11:38.364022+00', NULL, '', NULL, '', NULL, '', '', NULL, NULL, '{"provider": "email", "providers": ["email"]}', '{"email_verified": true}', NULL, '2025-10-13 18:11:38.314071+00', '2025-10-13 18:11:38.366028+00', NULL, NULL, '', '', NULL, '', 0, NULL, '', NULL, false, NULL, false),
	('00000000-0000-0000-0000-000000000000', '98ca2163-bd68-4951-befb-7c567633cd43', 'authenticated', 'authenticated', 'alunoteste1@teste.com', '$2a$10$yv.37iLiB9GySTU2RMx5w.aie3jnKIpEaKQ6dNPPHOaR82U737Cr6', '2025-10-13 17:46:58.55591+00', NULL, '', NULL, '', NULL, '', '', NULL, NULL, '{"provider": "email", "providers": ["email"]}', '{"role": "aluno", "phone": "123", "active": true, "full_name": "alunomodelo1", "email_verified": true}', NULL, '2025-10-13 17:46:58.540385+00', '2025-10-13 17:46:58.557445+00', NULL, NULL, '', '', NULL, '', 0, NULL, '', NULL, false, NULL, false),
	('00000000-0000-0000-0000-000000000000', '70018448-ffb0-40ef-820a-282dec2b24b7', 'authenticated', 'authenticated', 'teste_real_trigger@teste.com', '$2a$06$ikni7XK9ysoPVTCDoNkvEOaD2kz8wm2LdPxM/B20rMLMxHXd8y1m6', '2025-10-13 17:58:20.768063+00', NULL, '', NULL, '', NULL, '', '', NULL, NULL, '{"provider": "email", "providers": ["email"]}', '{"role": "aluno", "phone": "123", "active": true, "full_name": "Teste Real Trigger"}', false, '2025-10-13 17:58:20.768063+00', '2025-10-13 17:58:20.768063+00', NULL, NULL, '', '', NULL, '', 0, NULL, '', NULL, false, NULL, false),
	('00000000-0000-0000-0000-000000000000', 'd39379f0-e82e-45be-bbb9-5faf9ee66361', 'authenticated', 'authenticated', 'josecolaborador@teste.com', '$2a$10$TUMHKoXU9JUt7bHyK7KFxuTU7YKJZFARxwn8iqKVjM57ej0fohULi', '2025-10-13 18:12:27.053014+00', NULL, '', NULL, '', NULL, '', '', NULL, NULL, '{"provider": "email", "providers": ["email"]}', '{"email_verified": true}', NULL, '2025-10-13 18:12:27.048859+00', '2025-10-13 18:12:27.053737+00', NULL, NULL, '', '', NULL, '', 0, NULL, '', NULL, false, NULL, false),
	('00000000-0000-0000-0000-000000000000', 'a092fa31-b125-4b77-b9a2-ead753f103f3', 'authenticated', 'authenticated', 'josegestor@teste.com', '$2a$10$uZ91h1bZzNgwbddlcnE6hey9lmXQw8Zhonavi3WNVQs/IdwkUZYvy', '2025-10-13 18:13:00.48561+00', NULL, '', NULL, '', NULL, '', '', NULL, NULL, '{"provider": "email", "providers": ["email"]}', '{"email_verified": true}', NULL, '2025-10-13 18:13:00.475879+00', '2025-10-13 18:13:00.490729+00', NULL, NULL, '', '', NULL, '', 0, NULL, '', NULL, false, NULL, false);


--
-- Data for Name: identities; Type: TABLE DATA; Schema: auth; Owner: supabase_auth_admin
--

INSERT INTO "auth"."identities" ("provider_id", "user_id", "identity_data", "provider", "last_sign_in_at", "created_at", "updated_at", "id") VALUES
	('f116b809-b80f-41a0-9318-6a1d4a6aed1f', 'f116b809-b80f-41a0-9318-6a1d4a6aed1f', '{"sub": "f116b809-b80f-41a0-9318-6a1d4a6aed1f", "role": "aluno", "email": "personal.j.a@outlook.com", "phone": "12312312312312312", "full_name": "Jorge", "email_verified": true, "phone_verified": false, "document_number": "131231231231231"}', 'email', '2025-09-26 02:57:19.926643+00', '2025-09-26 02:57:19.9267+00', '2025-09-26 02:57:19.9267+00', '44f9b6db-b2b5-4fe7-b2cc-2f52d89f6aa1'),
	('559f26dd-7a83-49c1-be50-62531260e98d', '559f26dd-7a83-49c1-be50-62531260e98d', '{"sub": "559f26dd-7a83-49c1-be50-62531260e98d", "email": "admin_geral@teste.com", "email_verified": false, "phone_verified": false}', 'email', '2025-09-26 03:05:16.596513+00', '2025-09-26 03:05:16.596567+00', '2025-09-26 03:05:16.596567+00', 'bc6512b7-043d-4502-9d75-de19c11cbc46'),
	('48a60ee4-64be-4b05-870f-bbd475023e67', '48a60ee4-64be-4b05-870f-bbd475023e67', '{"sub": "48a60ee4-64be-4b05-870f-bbd475023e67", "email": "admin@gradgate.com", "email_verified": false, "phone_verified": false}', 'email', '2025-09-26 03:10:07.898858+00', '2025-09-26 03:10:07.898911+00', '2025-09-26 03:10:07.898911+00', 'd97a2098-d3c8-45e0-aeec-e501a8a4b7a6'),
	('870558d4-cb8e-4051-97f5-f9309ee4a9e8', '870558d4-cb8e-4051-97f5-f9309ee4a9e8', '{"sub": "870558d4-cb8e-4051-97f5-f9309ee4a9e8", "email": "gestor@gradgate.com", "email_verified": false, "phone_verified": false}', 'email', '2025-09-26 03:10:08.034614+00', '2025-09-26 03:10:08.034666+00', '2025-09-26 03:10:08.034666+00', '101f249c-c6d5-4948-983b-7319f176b754'),
	('03c3be5e-96c6-48eb-915b-a45ea217b78e', '03c3be5e-96c6-48eb-915b-a45ea217b78e', '{"sub": "03c3be5e-96c6-48eb-915b-a45ea217b78e", "email": "vendedor@gradgate.com", "email_verified": false, "phone_verified": false}', 'email', '2025-09-26 03:10:08.200865+00', '2025-09-26 03:10:08.200916+00', '2025-09-26 03:10:08.200916+00', 'e4fa3567-0e98-4b6f-9e6c-4be752325656'),
	('e25c56b5-80ad-4784-8060-288c6e1a6d57', 'e25c56b5-80ad-4784-8060-288c6e1a6d57', '{"sub": "e25c56b5-80ad-4784-8060-288c6e1a6d57", "email": "colaborador@gradgate.com", "email_verified": false, "phone_verified": false}', 'email', '2025-09-26 03:10:08.323427+00', '2025-09-26 03:10:08.32348+00', '2025-09-26 03:10:08.32348+00', '999c7e6c-a6a7-4a40-ba94-27314651c360'),
	('e28c30f1-590d-4da2-ae23-0ec986fecaf1', 'e28c30f1-590d-4da2-ae23-0ec986fecaf1', '{"sub": "e28c30f1-590d-4da2-ae23-0ec986fecaf1", "email": "aluno@gradgate.com", "email_verified": false, "phone_verified": false}', 'email', '2025-09-26 03:10:08.44842+00', '2025-09-26 03:10:08.448473+00', '2025-09-26 03:10:08.448473+00', '04e2bbcd-6fce-4bb1-8f09-bb86b359e253'),
	('14b4147a-10be-40bb-981f-ecc21d2817c5', '14b4147a-10be-40bb-981f-ecc21d2817c5', '{"sub": "14b4147a-10be-40bb-981f-ecc21d2817c5", "email": "teste@teste.com", "email_verified": false, "phone_verified": false}', 'email', '2025-09-26 20:42:04.125918+00', '2025-09-26 20:42:04.125977+00', '2025-09-26 20:42:04.125977+00', '2681540f-b61c-46ec-94c7-7dac874d3fb5'),
	('a40fbfd3-2d37-42ad-82f8-1966f10a6572', 'a40fbfd3-2d37-42ad-82f8-1966f10a6572', '{"sub": "a40fbfd3-2d37-42ad-82f8-1966f10a6572", "email": "josemodelo@teste.com", "email_verified": false, "phone_verified": false}', 'email', '2025-10-02 13:49:23.706565+00', '2025-10-02 13:49:23.706624+00', '2025-10-02 13:49:23.706624+00', '98139c52-c3d0-4935-9404-3e3c07442259'),
	('a7d79312-1c49-4cd9-9970-5dfe2bca9443', 'a7d79312-1c49-4cd9-9970-5dfe2bca9443', '{"sub": "a7d79312-1c49-4cd9-9970-5dfe2bca9443", "email": "testejorge@teste.com", "email_verified": false, "phone_verified": false}', 'email', '2025-10-03 01:53:10.235293+00', '2025-10-03 01:53:10.235349+00', '2025-10-03 01:53:10.235349+00', 'd6936a84-29d2-4350-8700-658a02799cc1'),
	('f55d88a3-b109-4149-938e-cdd90f398a69', 'f55d88a3-b109-4149-938e-cdd90f398a69', '{"sub": "f55d88a3-b109-4149-938e-cdd90f398a69", "email": "aluno1@teste.com", "email_verified": false, "phone_verified": false}', 'email', '2025-10-09 23:26:22.073655+00', '2025-10-09 23:26:22.073718+00', '2025-10-09 23:26:22.073718+00', 'aae5ba12-0c5c-4413-8ad3-d09d510e886c'),
	('c9c208ec-d572-4a00-9965-f3d52e12d212', 'c9c208ec-d572-4a00-9965-f3d52e12d212', '{"sub": "c9c208ec-d572-4a00-9965-f3d52e12d212", "email": "vendasd@vendas.com", "email_verified": false, "phone_verified": false}', 'email', '2025-10-10 17:07:42.621995+00', '2025-10-10 17:07:42.622058+00', '2025-10-10 17:07:42.622058+00', 'b3d34325-5660-4ad1-8e2c-75a38a364b2a'),
	('d6d60aba-919d-46c4-8bc8-62f33c0a4f9c', 'd6d60aba-919d-46c4-8bc8-62f33c0a4f9c', '{"sub": "d6d60aba-919d-46c4-8bc8-62f33c0a4f9c", "email": "vendas@novo.com", "email_verified": false, "phone_verified": false}', 'email', '2025-10-10 17:38:53.730501+00', '2025-10-10 17:38:53.730559+00', '2025-10-10 17:38:53.730559+00', '8d5de4da-90cc-4fbc-9440-7c6e503f3698'),
	('3c58b06a-9f3e-49ee-9de8-d5b4b5fb0529', '3c58b06a-9f3e-49ee-9de8-d5b4b5fb0529', '{"sub": "3c58b06a-9f3e-49ee-9de8-d5b4b5fb0529", "email": "novo@vend.com", "email_verified": false, "phone_verified": false}', 'email', '2025-10-10 17:41:51.601634+00', '2025-10-10 17:41:51.601688+00', '2025-10-10 17:41:51.601688+00', '3781cf26-264f-4e07-8384-5540ba63e943'),
	('d0834b94-ffe1-4a7a-a98f-505b71c23370', 'd0834b94-ffe1-4a7a-a98f-505b71c23370', '{"sub": "d0834b94-ffe1-4a7a-a98f-505b71c23370", "email": "vend@teste.com", "email_verified": false, "phone_verified": false}', 'email', '2025-10-10 17:45:56.859345+00', '2025-10-10 17:45:56.860024+00', '2025-10-10 17:45:56.860024+00', 'daa4a094-05a8-49e3-b469-729331792607'),
	('1a1330f8-06fe-484a-95df-a713d584f95d', '1a1330f8-06fe-484a-95df-a713d584f95d', '{"sub": "1a1330f8-06fe-484a-95df-a713d584f95d", "email": "gestor@teste.com", "email_verified": false, "phone_verified": false}', 'email', '2025-10-10 17:47:33.330756+00', '2025-10-10 17:47:33.330826+00', '2025-10-10 17:47:33.330826+00', '3e0a5f52-d397-44a6-b141-02d7984b8df0'),
	('55b4a14e-afeb-4fd7-ae89-b041356c0cbc', '55b4a14e-afeb-4fd7-ae89-b041356c0cbc', '{"sub": "55b4a14e-afeb-4fd7-ae89-b041356c0cbc", "email": "vend@nadia.com", "email_verified": false, "phone_verified": false}', 'email', '2025-10-10 17:52:23.488409+00', '2025-10-10 17:52:23.488473+00', '2025-10-10 17:52:23.488473+00', '8be672c7-d293-4a96-a23e-e3ccdd847f9f'),
	('576cad0c-800a-4e24-85e2-f58b05efe2f2', '576cad0c-800a-4e24-85e2-f58b05efe2f2', '{"sub": "576cad0c-800a-4e24-85e2-f58b05efe2f2", "email": "dasdas@dasd.com", "email_verified": false, "phone_verified": false}', 'email', '2025-10-10 18:03:54.94505+00', '2025-10-10 18:03:54.946686+00', '2025-10-10 18:03:54.946686+00', '73a6a714-8e14-4cd5-b5d4-d12910ed11f6'),
	('bd185116-ce58-41d5-82ca-0ece138b3665', 'bd185116-ce58-41d5-82ca-0ece138b3665', '{"sub": "bd185116-ce58-41d5-82ca-0ece138b3665", "email": "admin_gedasdral@teste.com", "email_verified": false, "phone_verified": false}', 'email', '2025-10-10 18:08:33.838023+00', '2025-10-10 18:08:33.838076+00', '2025-10-10 18:08:33.838076+00', '4a47d025-f742-4868-9d89-3754ff02abe7'),
	('5f095ea7-eca0-4562-90dd-c37b91668493', '5f095ea7-eca0-4562-90dd-c37b91668493', '{"sub": "5f095ea7-eca0-4562-90dd-c37b91668493", "email": "dasdaral@teste.com", "email_verified": false, "phone_verified": false}', 'email', '2025-10-10 18:10:22.248892+00', '2025-10-10 18:10:22.248946+00', '2025-10-10 18:10:22.248946+00', '0330f2bb-36e7-45ef-b47f-35b674ca4b86'),
	('de90f25d-b3a6-4839-be51-d18e6f8730b7', 'de90f25d-b3a6-4839-be51-d18e6f8730b7', '{"sub": "de90f25d-b3a6-4839-be51-d18e6f8730b7", "email": "adasdasda@teste.com", "email_verified": false, "phone_verified": false}', 'email', '2025-10-10 18:12:15.875944+00', '2025-10-10 18:12:15.877148+00', '2025-10-10 18:12:15.877148+00', '874abf42-c6db-401a-9515-6dec010d057b'),
	('ad205e5d-c86a-4919-ae3e-c8fa4656eda6', 'ad205e5d-c86a-4919-ae3e-c8fa4656eda6', '{"sub": "ad205e5d-c86a-4919-ae3e-c8fa4656eda6", "email": "dasda11@teste.com", "email_verified": false, "phone_verified": false}', 'email', '2025-10-13 17:41:30.22689+00', '2025-10-13 17:41:30.226956+00', '2025-10-13 17:41:30.226956+00', 'e5f81f1e-ee43-4d8d-b77a-cd5c61927610'),
	('92de5374-e55b-45e7-94ad-20218ad3e4aa', '92de5374-e55b-45e7-94ad-20218ad3e4aa', '{"sub": "92de5374-e55b-45e7-94ad-20218ad3e4aa", "email": "dwadasda@teste.com", "email_verified": false, "phone_verified": false}', 'email', '2025-10-13 17:41:55.99359+00', '2025-10-13 17:41:55.993639+00', '2025-10-13 17:41:55.993639+00', '298abb08-28fe-487f-9008-a7c51be82ba9'),
	('a2371944-e6c4-4a98-b0c7-1b87d6814ddf', 'a2371944-e6c4-4a98-b0c7-1b87d6814ddf', '{"sub": "a2371944-e6c4-4a98-b0c7-1b87d6814ddf", "email": "alunomodelo1@teste.com", "email_verified": false, "phone_verified": false}', 'email', '2025-10-13 17:42:44.017588+00', '2025-10-13 17:42:44.017639+00', '2025-10-13 17:42:44.017639+00', '267c4538-da2b-4343-9966-152e4766c091'),
	('98ca2163-bd68-4951-befb-7c567633cd43', '98ca2163-bd68-4951-befb-7c567633cd43', '{"sub": "98ca2163-bd68-4951-befb-7c567633cd43", "email": "alunoteste1@teste.com", "email_verified": false, "phone_verified": false}', 'email', '2025-10-13 17:46:58.546365+00', '2025-10-13 17:46:58.547049+00', '2025-10-13 17:46:58.547049+00', '37bae713-d0f6-4193-b2d6-3b765b03f72c'),
	('c7524076-a75b-47b6-837a-8d402ab0e60e', 'c7524076-a75b-47b6-837a-8d402ab0e60e', '{"sub": "c7524076-a75b-47b6-837a-8d402ab0e60e", "email": "josealuno@teste.com", "email_verified": false, "phone_verified": false}', 'email', '2025-10-13 18:10:50.269804+00', '2025-10-13 18:10:50.269864+00', '2025-10-13 18:10:50.269864+00', '69e823d6-840d-4587-be1c-30dcbf9bd386'),
	('83606366-b061-402e-b2b3-97ca61744d9b', '83606366-b061-402e-b2b3-97ca61744d9b', '{"sub": "83606366-b061-402e-b2b3-97ca61744d9b", "email": "vendedorjose@teste.com", "email_verified": false, "phone_verified": false}', 'email', '2025-10-13 18:11:38.34233+00', '2025-10-13 18:11:38.342393+00', '2025-10-13 18:11:38.342393+00', '473e5050-9ebf-42ab-a459-5da3da14583b'),
	('d39379f0-e82e-45be-bbb9-5faf9ee66361', 'd39379f0-e82e-45be-bbb9-5faf9ee66361', '{"sub": "d39379f0-e82e-45be-bbb9-5faf9ee66361", "email": "josecolaborador@teste.com", "email_verified": false, "phone_verified": false}', 'email', '2025-10-13 18:12:27.050557+00', '2025-10-13 18:12:27.050607+00', '2025-10-13 18:12:27.050607+00', '05fa2d34-8592-46ad-821a-684e12929f5c'),
	('a092fa31-b125-4b77-b9a2-ead753f103f3', 'a092fa31-b125-4b77-b9a2-ead753f103f3', '{"sub": "a092fa31-b125-4b77-b9a2-ead753f103f3", "email": "josegestor@teste.com", "email_verified": false, "phone_verified": false}', 'email', '2025-10-13 18:13:00.478131+00', '2025-10-13 18:13:00.47818+00', '2025-10-13 18:13:00.47818+00', '1124520e-1adb-4b7c-84d0-8f71b8d21835'),
	('da45a93e-3735-4839-8823-3d23169d7a10', 'da45a93e-3735-4839-8823-3d23169d7a10', '{"sub": "da45a93e-3735-4839-8823-3d23169d7a10", "email": "joseadmin@teste.com", "email_verified": false, "phone_verified": false}', 'email', '2025-10-13 18:13:36.814815+00', '2025-10-13 18:13:36.814864+00', '2025-10-13 18:13:36.814864+00', '3e79b349-c3d4-4474-9c45-5135364439c2');


--
-- Data for Name: instances; Type: TABLE DATA; Schema: auth; Owner: supabase_auth_admin
--



--
-- Data for Name: sessions; Type: TABLE DATA; Schema: auth; Owner: supabase_auth_admin
--

INSERT INTO "auth"."sessions" ("id", "user_id", "created_at", "updated_at", "factor_id", "aal", "not_after", "refreshed_at", "user_agent", "ip", "tag") VALUES
	('936fe96d-ce53-41bb-9577-9d6fd3c60e7b', '559f26dd-7a83-49c1-be50-62531260e98d', '2025-10-13 11:42:24.674818+00', '2025-10-13 17:21:20.43268+00', NULL, 'aal1', NULL, '2025-10-13 17:21:20.432602', 'Mozilla/5.0 (Windows NT 10.0; Win64; x64) AppleWebKit/537.36 (KHTML, like Gecko) Chrome/141.0.0.0 Safari/537.36', '200.232.29.9', NULL),
	('ce8b1115-f62a-4e9f-8427-894f5df6f92c', 'f116b809-b80f-41a0-9318-6a1d4a6aed1f', '2025-10-10 15:40:21.143315+00', '2025-10-10 16:43:28.566986+00', NULL, 'aal1', NULL, '2025-10-10 16:43:28.566915', 'Mozilla/5.0 (Windows NT 10.0; Win64; x64) AppleWebKit/537.36 (KHTML, like Gecko) Chrome/141.0.0.0 Safari/537.36', '187.75.250.83', NULL),
	('8e6f4719-92b2-4eef-93d6-3b34cded9a08', 'a40fbfd3-2d37-42ad-82f8-1966f10a6572', '2025-10-08 22:09:20.89464+00', '2025-10-09 14:06:16.441477+00', NULL, 'aal1', NULL, '2025-10-09 14:06:16.440191', 'Mozilla/5.0 (Windows NT 10.0; Win64; x64) AppleWebKit/537.36 (KHTML, like Gecko) Chrome/141.0.0.0 Safari/537.36', '200.232.29.9', NULL),
	('e5d96de6-1da5-4079-b591-e8bacf038a18', '559f26dd-7a83-49c1-be50-62531260e98d', '2025-10-10 18:08:21.071196+00', '2025-10-11 12:22:18.197712+00', NULL, 'aal1', NULL, '2025-10-11 12:22:18.194913', 'Mozilla/5.0 (Windows NT 10.0; Win64; x64) AppleWebKit/537.36 (KHTML, like Gecko) Chrome/141.0.0.0 Safari/537.36', '187.75.250.83', NULL);


--
-- Data for Name: mfa_amr_claims; Type: TABLE DATA; Schema: auth; Owner: supabase_auth_admin
--

INSERT INTO "auth"."mfa_amr_claims" ("session_id", "created_at", "updated_at", "authentication_method", "id") VALUES
	('ce8b1115-f62a-4e9f-8427-894f5df6f92c', '2025-10-10 15:40:21.157034+00', '2025-10-10 15:40:21.157034+00', 'password', 'ebd7ccf1-f95d-4ad9-aee2-28c1dd1725f7'),
	('e5d96de6-1da5-4079-b591-e8bacf038a18', '2025-10-10 18:08:21.095524+00', '2025-10-10 18:08:21.095524+00', 'password', 'ff3c0909-9f0b-4832-a35f-b857c79bebfd'),
	('936fe96d-ce53-41bb-9577-9d6fd3c60e7b', '2025-10-13 11:42:24.746977+00', '2025-10-13 11:42:24.746977+00', 'password', 'd89c0b8f-ed58-4305-8a5c-3f2cd9612506'),
	('8e6f4719-92b2-4eef-93d6-3b34cded9a08', '2025-10-08 22:09:20.89665+00', '2025-10-08 22:09:20.89665+00', 'password', 'cfce33cb-198e-4eec-817c-5c097417fc93');


--
-- Data for Name: mfa_factors; Type: TABLE DATA; Schema: auth; Owner: supabase_auth_admin
--



--
-- Data for Name: mfa_challenges; Type: TABLE DATA; Schema: auth; Owner: supabase_auth_admin
--



--
-- Data for Name: oauth_clients; Type: TABLE DATA; Schema: auth; Owner: supabase_auth_admin
--



--
-- Data for Name: one_time_tokens; Type: TABLE DATA; Schema: auth; Owner: supabase_auth_admin
--



--
-- Data for Name: refresh_tokens; Type: TABLE DATA; Schema: auth; Owner: supabase_auth_admin
--

INSERT INTO "auth"."refresh_tokens" ("instance_id", "id", "token", "user_id", "revoked", "created_at", "updated_at", "parent", "session_id") VALUES
	('00000000-0000-0000-0000-000000000000', 234, 'ryqv4nbyjaef', '559f26dd-7a83-49c1-be50-62531260e98d', true, '2025-10-11 11:23:44.209715+00', '2025-10-11 12:22:18.147438+00', 'hjg2pdavr6xr', 'e5d96de6-1da5-4079-b591-e8bacf038a18'),
	('00000000-0000-0000-0000-000000000000', 235, 'pufq6wtw3s2p', '559f26dd-7a83-49c1-be50-62531260e98d', false, '2025-10-11 12:22:18.171502+00', '2025-10-11 12:22:18.171502+00', 'ryqv4nbyjaef', 'e5d96de6-1da5-4079-b591-e8bacf038a18'),
	('00000000-0000-0000-0000-000000000000', 236, 'ggol52prwewu', '559f26dd-7a83-49c1-be50-62531260e98d', true, '2025-10-13 11:42:24.703328+00', '2025-10-13 14:58:48.954606+00', NULL, '936fe96d-ce53-41bb-9577-9d6fd3c60e7b'),
	('00000000-0000-0000-0000-000000000000', 237, 'lx3e45cfb3kh', '559f26dd-7a83-49c1-be50-62531260e98d', true, '2025-10-13 14:58:48.968469+00', '2025-10-13 15:57:25.715069+00', 'ggol52prwewu', '936fe96d-ce53-41bb-9577-9d6fd3c60e7b'),
	('00000000-0000-0000-0000-000000000000', 238, '27hqzh7wnmzo', '559f26dd-7a83-49c1-be50-62531260e98d', true, '2025-10-13 15:57:25.730728+00', '2025-10-13 17:21:20.405652+00', 'lx3e45cfb3kh', '936fe96d-ce53-41bb-9577-9d6fd3c60e7b'),
	('00000000-0000-0000-0000-000000000000', 239, 'tfylzpp53imz', '559f26dd-7a83-49c1-be50-62531260e98d', false, '2025-10-13 17:21:20.416586+00', '2025-10-13 17:21:20.416586+00', '27hqzh7wnmzo', '936fe96d-ce53-41bb-9577-9d6fd3c60e7b'),
	('00000000-0000-0000-0000-000000000000', 173, 'hoz7pcqttz6d', 'a40fbfd3-2d37-42ad-82f8-1966f10a6572', true, '2025-10-08 22:09:20.895408+00', '2025-10-08 23:07:52.120443+00', NULL, '8e6f4719-92b2-4eef-93d6-3b34cded9a08'),
	('00000000-0000-0000-0000-000000000000', 175, 'r2souhk56ltf', 'a40fbfd3-2d37-42ad-82f8-1966f10a6572', true, '2025-10-08 23:07:52.121928+00', '2025-10-09 14:06:16.387536+00', 'hoz7pcqttz6d', '8e6f4719-92b2-4eef-93d6-3b34cded9a08'),
	('00000000-0000-0000-0000-000000000000', 178, 'j43327zu7b7w', 'a40fbfd3-2d37-42ad-82f8-1966f10a6572', false, '2025-10-09 14:06:16.414082+00', '2025-10-09 14:06:16.414082+00', 'r2souhk56ltf', '8e6f4719-92b2-4eef-93d6-3b34cded9a08'),
	('00000000-0000-0000-0000-000000000000', 217, 'hrtkajpbryyt', 'f116b809-b80f-41a0-9318-6a1d4a6aed1f', true, '2025-10-10 15:40:21.150757+00', '2025-10-10 16:43:28.551805+00', NULL, 'ce8b1115-f62a-4e9f-8427-894f5df6f92c'),
	('00000000-0000-0000-0000-000000000000', 221, '7nykdzqy6snp', 'f116b809-b80f-41a0-9318-6a1d4a6aed1f', false, '2025-10-10 16:43:28.559463+00', '2025-10-10 16:43:28.559463+00', 'hrtkajpbryyt', 'ce8b1115-f62a-4e9f-8427-894f5df6f92c'),
	('00000000-0000-0000-0000-000000000000', 231, 'b6bufvb5bpmb', '559f26dd-7a83-49c1-be50-62531260e98d', true, '2025-10-10 18:08:21.081637+00', '2025-10-10 19:06:29.349138+00', NULL, 'e5d96de6-1da5-4079-b591-e8bacf038a18'),
	('00000000-0000-0000-0000-000000000000', 232, 'qo2y4azqgbwb', '559f26dd-7a83-49c1-be50-62531260e98d', true, '2025-10-10 19:06:29.362583+00', '2025-10-10 20:52:40.750054+00', 'b6bufvb5bpmb', 'e5d96de6-1da5-4079-b591-e8bacf038a18'),
	('00000000-0000-0000-0000-000000000000', 233, 'hjg2pdavr6xr', '559f26dd-7a83-49c1-be50-62531260e98d', true, '2025-10-10 20:52:40.767903+00', '2025-10-11 11:23:44.201811+00', 'qo2y4azqgbwb', 'e5d96de6-1da5-4079-b591-e8bacf038a18');


--
-- Data for Name: sso_providers; Type: TABLE DATA; Schema: auth; Owner: supabase_auth_admin
--



--
-- Data for Name: saml_providers; Type: TABLE DATA; Schema: auth; Owner: supabase_auth_admin
--



--
-- Data for Name: saml_relay_states; Type: TABLE DATA; Schema: auth; Owner: supabase_auth_admin
--



--
-- Data for Name: sso_domains; Type: TABLE DATA; Schema: auth; Owner: supabase_auth_admin
--



--
-- Data for Name: certifying_institutions; Type: TABLE DATA; Schema: public; Owner: postgres
--

INSERT INTO "public"."certifying_institutions" ("id", "name", "cnpj", "contact_email", "contact_phone", "address", "active", "created_at", "updated_at") VALUES
	('47e0878e-d51a-400f-b0ed-d9ad9ee581ea', 'Instituto Tecnológico Superior', '98.765.432/0001-10', 'admin@its.edu.br', '', '', false, '2025-09-26 16:25:41.946447+00', '2025-09-26 19:23:18.597572+00'),
	('6c616922-8b20-47dd-b193-13ab550e1f2f', 'Universidade Federal Exemplo', '12.345.678/0001-90', 'contato@ufex.edu.br', '', '', false, '2025-09-26 16:25:41.946447+00', '2025-09-26 19:23:20.776608+00'),
	('7f859896-6c53-430b-b5ba-b2eb7b256228', 'Faculdade ESP', '', 'model@esp.com', '', '', true, '2025-09-26 19:25:51.724989+00', '2025-09-26 19:25:51.724989+00'),
	('29e7c4d9-7a04-4034-8740-32a0ad09233d', 'Faculdade de Ciências Aplicadas', '11.222.333/0001-44', 'secretaria@fca.edu.br', '', '', true, '2025-09-26 16:25:41.946447+00', '2025-09-27 12:37:22.832034+00');


--
-- Data for Name: course_types; Type: TABLE DATA; Schema: public; Owner: postgres
--

INSERT INTO "public"."course_types" ("id", "name", "description", "active", "created_at", "updated_at", "required_documents") VALUES
	('7abf644d-f81a-402a-b35a-1b10cc485735', 'Graduação', 'Cursos de graduação superior', true, '2025-09-26 16:25:41.946447+00', '2025-09-26 16:25:41.946447+00', '{}'),
	('f2ddd3bb-480a-4e0f-bdec-91785b98f22b', 'Mestrado', 'Cursos de mestrado stricto sensu', true, '2025-09-26 16:25:41.946447+00', '2025-09-26 16:25:41.946447+00', '{}'),
	('50bfe44e-cd34-4d92-b930-b25b65ab05c8', 'Técnico', 'Cursos técnicos profissionalizantes', true, '2025-09-26 16:25:41.946447+00', '2025-09-26 16:25:41.946447+00', '{}'),
	('d3593c6c-a04e-48b0-8152-39ec65d7e2cf', 'Livre', 'Cursos livres de capacitação', true, '2025-09-26 16:25:41.946447+00', '2025-09-26 16:25:41.946447+00', '{}'),
	('7b625a0a-3f08-4d21-bcc3-6c45dbf2f63a', 'Pós-Graduação', 'Cursos de pós-graduação lato sensu', true, '2025-09-26 16:25:41.946447+00', '2025-10-09 23:48:54.772299+00', '{}'),
	('3cb48dc0-909c-4a21-8fd2-69f57fc54a80', 'Pós Presencial', '', true, '2025-10-09 23:03:22.007012+00', '2025-10-09 23:50:01.781694+00', '{RG/CPF}'),
	('02442ffc-e570-4783-8b40-fdb8938c6f49', '2ª Licenciatura', '', true, '2025-10-07 23:32:11.530442+00', '2025-10-10 13:37:12.020333+00', '{RG/CPF,Diploma,"Titulo de Eleitor"}');


--
-- Data for Name: courses; Type: TABLE DATA; Schema: public; Owner: postgres
--

INSERT INTO "public"."courses" ("id", "name", "code", "description", "modality", "duration_months", "workload_hours", "min_duration_months", "max_duration_months", "sagah_disciplines_code", "enrollment_fee", "monthly_fee", "active", "created_at", "updated_at", "course_type_id", "certifying_institution_id", "max_installments", "payment_methods") VALUES
	('4823ef9b-3f7c-4c30-8ec5-065bf84ee970', 'Administração', 'ADM001', 'Bacharelado em Administração de Empresas - Curso completo com foco em gestão empresarial, estratégia e liderança.', 'ead', 48, 3200, 36, 60, 'DISC_ADM_001', 50.00, 350.00, true, '2025-09-25 23:49:54.683702+00', '2025-09-25 23:49:54.683702+00', NULL, NULL, 12, '{boleto,pix,cartao_de_credito}'),
	('1c309bcd-548a-47f9-80e0-b43217da5fcf', 'Direito', 'DIR001', 'Bacharelado em Direito - Formação jurídica completa com base sólida em legislação brasileira.', 'presencial', 60, 4000, 48, 72, 'DISC_DIR_001', 80.00, 450.00, true, '2025-09-25 23:49:54.683702+00', '2025-09-25 23:49:54.683702+00', NULL, NULL, 12, '{boleto,pix,cartao_de_credito}'),
	('644964ee-56ff-4d5e-80a7-ad821ea4b3a9', 'Pedagogia', 'PED001', 'Licenciatura em Pedagogia - Preparação para atuação na educação infantil e ensino fundamental.', 'ead', 48, 3200, 36, 60, 'DISC_PED_001', 40.00, 320.00, true, '2025-09-25 23:49:54.683702+00', '2025-09-25 23:49:54.683702+00', NULL, NULL, 12, '{boleto,pix,cartao_de_credito}'),
	('e592a310-350b-4fe2-be39-8adef4021a3d', 'MBA em Gestão Empresarial', 'MBA001', 'Pós-graduação em Gestão Empresarial - Especialização para profissionais em cargos de liderança.', 'ead', 18, 400, 12, 24, 'DISC_MBA_001', 100.00, 280.00, true, '2025-09-25 23:49:54.683702+00', '2025-09-25 23:49:54.683702+00', NULL, NULL, 12, '{boleto,pix,cartao_de_credito}'),
	('43d1179a-3238-42ee-8c15-266da8242d41', 'Psicologia', 'PSI001', 'Bacharelado em Psicologia - Formação completa em psicologia clínica e organizacional.', 'presencial', 60, 4000, 48, 72, 'DISC_PSI_001', 70.00, 420.00, true, '2025-09-25 23:49:54.683702+00', '2025-09-25 23:49:54.683702+00', NULL, NULL, 12, '{boleto,pix,cartao_de_credito}'),
	('45af6f2d-c975-4df6-8dfd-332e35cb20fe', 'Engenharia de Software', 'ENG001', 'Bacharelado em Engenharia de Software - Formação tecnológica com foco em desenvolvimento.', 'ead', 48, 3600, 36, 60, 'DISC_ENG_001', 60.00, 380.00, true, '2025-09-25 23:49:54.683702+00', '2025-09-25 23:49:54.683702+00', NULL, NULL, 12, '{boleto,pix,cartao_de_credito}'),
	('f3fc4405-e989-406a-9429-a0cdda867794', 'Administração', NULL, 'Bacharelado em Administração de Empresas - Curso completo com foco em gestão empresarial, estratégia e liderança.', 'ead', 48, 3200, 36, 60, 'ADM001', 150.00, 350.00, true, '2025-09-25 23:50:14.534139+00', '2025-09-25 23:50:14.534139+00', NULL, NULL, 12, '{boleto,pix,cartao_de_credito}'),
	('eb58abce-a7d5-4df5-a913-eafe86d65149', 'Direito', NULL, 'Bacharelado em Direito - Formação jurídica completa com base sólida em legislação brasileira.', 'presencial', 60, 4000, 48, 72, 'DIR001', 200.00, 450.00, true, '2025-09-25 23:50:14.534139+00', '2025-09-25 23:50:14.534139+00', NULL, NULL, 12, '{boleto,pix,cartao_de_credito}'),
	('f9533245-e7d0-48c5-9dbc-62e540aaa2b4', 'Pedagogia', NULL, 'Licenciatura em Pedagogia - Preparação para atuação na educação infantil e ensino fundamental.', 'ead', 48, 3200, 36, 60, 'PED001', 120.00, 320.00, true, '2025-09-25 23:50:14.534139+00', '2025-09-25 23:50:14.534139+00', NULL, NULL, 12, '{boleto,pix,cartao_de_credito}'),
	('889a00d4-8231-454f-8334-8d168d4e260d', 'MBA em Gestão Empresarial', NULL, 'Pós-graduação em Gestão Empresarial - Especialização para profissionais em cargos de liderança.', 'ead', 18, 400, 12, 24, 'MBA001', 300.00, 280.00, true, '2025-09-25 23:50:14.534139+00', '2025-09-25 23:50:14.534139+00', NULL, NULL, 12, '{boleto,pix,cartao_de_credito}'),
	('f7acace7-4b20-4470-a577-f08b8b067558', 'Psicologia', NULL, 'Bacharelado em Psicologia - Formação completa em psicologia clínica e organizacional.', 'presencial', 60, 4000, 48, 72, 'PSI001', 180.00, 420.00, true, '2025-09-25 23:50:14.534139+00', '2025-09-25 23:50:14.534139+00', NULL, NULL, 12, '{boleto,pix,cartao_de_credito}'),
	('7182f07f-d6f2-4fe7-ab41-f298f32c02a6', 'Modelos Teste', '111', 'dasda', 'ead', 12, 1222, NULL, NULL, NULL, 122.00, 122.00, true, '2025-09-26 19:17:50.098702+00', '2025-09-26 19:17:50.098702+00', '7abf644d-f81a-402a-b35a-1b10cc485735', '6c616922-8b20-47dd-b193-13ab550e1f2f', 12, '{boleto,pix,cartao_de_credito}'),
	('7942c06a-476b-4bd6-80ce-ab791351a5ed', 'Novo curso modelo', '123165', 'asdas', 'ead', 12, 360, NULL, NULL, NULL, 100.00, 100.00, true, '2025-09-29 20:31:55.656238+00', '2025-09-29 20:31:55.656238+00', '7b625a0a-3f08-4d21-bcc3-6c45dbf2f63a', '7f859896-6c53-430b-b5ba-b2eb7b256228', 12, '{boleto,pix,cartao_de_credito}'),
	('1b50fcb0-cfdc-4928-98dc-b7707fe8d999', 'Curso 01', '1231', 'dasda', 'ead', 12, 360, NULL, NULL, NULL, 100.00, 100.00, true, '2025-09-29 20:34:02.294106+00', '2025-09-29 20:34:02.294106+00', '7b625a0a-3f08-4d21-bcc3-6c45dbf2f63a', '7f859896-6c53-430b-b5ba-b2eb7b256228', 12, '{boleto,pix,cartao_de_credito}'),
	('14922049-598c-4e99-83a1-d3cacb11abdd', 'Arte de Contar História', 'Pós01', '', 'ead', 12, 360, NULL, NULL, NULL, 100.00, 100.00, true, '2025-10-07 23:49:46.917331+00', '2025-10-07 23:49:46.917331+00', '7b625a0a-3f08-4d21-bcc3-6c45dbf2f63a', '7f859896-6c53-430b-b5ba-b2eb7b256228', 12, '{boleto,pix,cartao_de_credito}'),
	('db62536f-e04e-4de7-951c-c2b506f711a7', '2ª Licenciatura Matemática', 'Mat01', 'dasda', 'ead', 12, 360, NULL, NULL, NULL, 0.00, 0.00, true, '2025-10-09 15:44:35.124308+00', '2025-10-09 15:44:35.124308+00', '02442ffc-e570-4783-8b40-fdb8938c6f49', '7f859896-6c53-430b-b5ba-b2eb7b256228', 12, '{boleto,pix,cartao_de_credito}'),
	('4a44698f-0bf5-44c1-9ccc-a1ccd5b7ce69', 'UTI', 'uti11', 'dasda', 'ead', 12, 360, NULL, NULL, NULL, 100.00, 100.00, true, '2025-10-09 23:03:49.850023+00', '2025-10-09 23:03:49.850023+00', '3cb48dc0-909c-4a21-8fd2-69f57fc54a80', '7f859896-6c53-430b-b5ba-b2eb7b256228', 12, '{boleto,pix,cartao_de_credito}');


--
-- Data for Name: profiles; Type: TABLE DATA; Schema: public; Owner: postgres
--

INSERT INTO "public"."profiles" ("id", "user_id", "full_name", "email", "phone", "document_number", "role", "team_id", "active", "created_at", "updated_at", "birth_date", "gender", "rg", "rg_issuer", "address_street", "address_number", "address_complement", "address_neighborhood", "address_city", "address_state", "address_zip_code", "father_name", "mother_name", "birth_country", "birth_state", "birth_city", "previous_institution", "previous_course", "education_level", "graduation_date", "manager_id") VALUES
	('c3d54b2f-eb66-4ffe-b4c5-edfdc5baa3a5', 'da45a93e-3735-4839-8823-3d23169d7a10', 'jose admin', 'joseadmin@teste.com', '123', NULL, 'admin_geral', NULL, true, '2025-10-13 18:13:36.884078+00', '2025-10-13 18:13:36.884078+00', NULL, NULL, NULL, NULL, NULL, NULL, NULL, NULL, NULL, NULL, NULL, NULL, NULL, NULL, NULL, NULL, NULL, NULL, NULL, NULL, NULL),
	('885878c7-fd5a-4169-9179-603683cd47c4', '48a60ee4-64be-4b05-870f-bbd475023e67', 'Admin Sistema', 'admin@gradgate.com', NULL, NULL, 'admin_geral', NULL, true, '2025-09-26 03:10:07.895259+00', '2025-09-26 03:10:07.895259+00', NULL, NULL, NULL, NULL, NULL, NULL, NULL, NULL, NULL, NULL, NULL, NULL, NULL, NULL, NULL, NULL, NULL, NULL, NULL, NULL, NULL),
	('5208eeb0-96f8-4875-b960-60501f38a417', 'e25c56b5-80ad-4784-8060-288c6e1a6d57', 'Ana Colaboradora', 'colaborador@gradgate.com', NULL, NULL, 'colaborador', NULL, true, '2025-09-26 03:10:08.321752+00', '2025-09-26 03:10:08.321752+00', NULL, NULL, NULL, NULL, NULL, NULL, NULL, NULL, NULL, NULL, NULL, NULL, NULL, NULL, NULL, NULL, NULL, NULL, NULL, NULL, NULL),
	('739cfb43-319a-460b-ba28-7943e9821e23', '870558d4-cb8e-4051-97f5-f9309ee4a9e8', 'Maria Gestora', 'gestor@gradgate.com', NULL, NULL, 'gestor', 'cf7dcc93-6cca-4b51-8278-c76f30c98306', true, '2025-09-26 03:10:08.032369+00', '2025-09-26 03:10:08.586912+00', NULL, NULL, NULL, NULL, NULL, NULL, NULL, NULL, NULL, NULL, NULL, NULL, NULL, NULL, NULL, NULL, NULL, NULL, NULL, NULL, NULL),
	('fe969bd4-a525-48a3-b1e1-2d014a94524a', '03c3be5e-96c6-48eb-915b-a45ea217b78e', 'Nádia Vendedora', 'vendedor@gradgate.com', NULL, NULL, 'vendedor', 'cf7dcc93-6cca-4b51-8278-c76f30c98306', true, '2025-09-26 03:10:08.198183+00', '2025-09-26 17:48:08.961607+00', NULL, NULL, NULL, NULL, NULL, NULL, NULL, NULL, NULL, NULL, NULL, NULL, NULL, NULL, NULL, NULL, NULL, NULL, NULL, NULL, NULL),
	('77a89ce3-2766-4c70-b851-d059d6bd4ee8', 'e28c30f1-590d-4da2-ae23-0ec986fecaf1', 'Pedro Estudante', 'aluno@gradgate.com', '1198080', NULL, 'aluno', NULL, true, '2025-09-26 03:10:08.446279+00', '2025-09-26 19:48:44.114348+00', NULL, NULL, NULL, NULL, NULL, NULL, NULL, NULL, NULL, NULL, NULL, NULL, NULL, NULL, NULL, NULL, NULL, NULL, NULL, NULL, NULL),
	('1e395b01-70ad-43bd-9397-8bcc1a0bac2a', '14b4147a-10be-40bb-981f-ecc21d2817c5', 'JORGE AUGUSTO ALVES DOS SANTOS', 'teste@teste.com', NULL, NULL, 'admin_geral', NULL, true, '2025-09-26 20:42:04.102904+00', '2025-09-26 20:42:04.102904+00', NULL, NULL, NULL, NULL, NULL, NULL, NULL, NULL, NULL, NULL, NULL, NULL, NULL, NULL, NULL, NULL, NULL, NULL, NULL, NULL, NULL),
	('9fa6f848-7bcc-41d6-85fb-9e3037a7a380', 'f116b809-b80f-41a0-9318-6a1d4a6aed1f', 'Jorge Augusto', 'personal.j.a@outlook.com', '1198073252', '38395553889', 'aluno', NULL, true, '2025-09-26 02:57:19.922626+00', '2025-09-29 19:53:30.909301+00', '1996-09-24', 'Masculino', '374803808', 'SSP', 'Rua dos Argentinos', '127', NULL, 'Vila Rio Branco', 'São Paulo', 'SP', '03878020', 'Wilson', 'Sonia Maria Alves', 'Brasil', 'São Paulo', 'São Paulo', 'Unicesumar', 'Ed Física', 'Superior Completo', '2025-09-29', NULL),
	('02894cff-93a8-4087-bbcb-791b8bb5c207', 'a40fbfd3-2d37-42ad-82f8-1966f10a6572', 'José Azevedo', 'josemodelo@teste.com', NULL, NULL, 'aluno', NULL, true, '2025-10-02 13:49:23.674487+00', '2025-10-02 13:49:23.674487+00', NULL, NULL, NULL, NULL, NULL, NULL, NULL, NULL, NULL, NULL, NULL, NULL, NULL, NULL, NULL, NULL, NULL, NULL, NULL, NULL, NULL),
	('4c0c41c3-f3e4-40ac-a9c9-d78b6b270966', 'a7d79312-1c49-4cd9-9970-5dfe2bca9443', 'Jorge Teste', 'testejorge@teste.com', NULL, NULL, 'aluno', NULL, true, '2025-10-03 01:53:10.221073+00', '2025-10-03 01:53:10.221073+00', NULL, NULL, NULL, NULL, NULL, NULL, NULL, NULL, NULL, NULL, NULL, NULL, NULL, NULL, NULL, NULL, NULL, NULL, NULL, NULL, NULL),
	('b0394c46-3d20-4645-a26b-00f2ff56d076', '559f26dd-7a83-49c1-be50-62531260e98d', 'admin_geral@teste.com', 'admin_geral@teste.com', NULL, NULL, 'admin_geral', NULL, true, '2025-09-26 03:05:16.577587+00', '2025-10-08 16:20:42.485068+00', NULL, NULL, NULL, NULL, NULL, NULL, NULL, NULL, NULL, NULL, NULL, NULL, NULL, NULL, NULL, NULL, NULL, NULL, NULL, NULL, NULL),
	('e012937a-6e96-4954-8ecb-471e0e19ad06', 'f55d88a3-b109-4149-938e-cdd90f398a69', 'aluno1@teste.com', 'aluno1@teste.com', NULL, NULL, 'aluno', NULL, true, '2025-10-09 23:26:22.042704+00', '2025-10-09 23:26:22.042704+00', NULL, NULL, NULL, NULL, NULL, NULL, NULL, NULL, NULL, NULL, NULL, NULL, NULL, NULL, NULL, NULL, NULL, NULL, NULL, NULL, NULL),
	('0cb13c21-b2d1-48e0-91fd-78a6a00dfd07', 'c9c208ec-d572-4a00-9965-f3d52e12d212', 'vendedor teste', 'vendasd@vendas.com', NULL, NULL, 'vendedor', NULL, true, '2025-10-10 17:07:42.599794+00', '2025-10-10 17:07:42.599794+00', NULL, NULL, NULL, NULL, NULL, NULL, NULL, NULL, NULL, NULL, NULL, NULL, NULL, NULL, NULL, NULL, NULL, NULL, NULL, NULL, NULL),
	('5ac29d35-71c1-4855-b3f1-e28959d920c2', 'd0834b94-ffe1-4a7a-a98f-505b71c23370', 'modelo vend', 'vend@teste.com', '12313', NULL, 'vendedor', NULL, true, '2025-10-10 17:45:56.849638+00', '2025-10-10 17:45:56.849638+00', NULL, NULL, NULL, NULL, NULL, NULL, NULL, NULL, NULL, NULL, NULL, NULL, NULL, NULL, NULL, NULL, NULL, NULL, NULL, NULL, NULL),
	('ba979969-a980-40bc-b8bf-9c33c35d1906', '1a1330f8-06fe-484a-95df-a713d584f95d', 'GEstor', 'gestor@teste.com', '123456', NULL, 'gestor', NULL, true, '2025-10-10 17:47:33.326067+00', '2025-10-10 17:47:33.326067+00', NULL, NULL, NULL, NULL, NULL, NULL, NULL, NULL, NULL, NULL, NULL, NULL, NULL, NULL, NULL, NULL, NULL, NULL, NULL, NULL, NULL),
	('c3e2a42b-36e5-4056-ac59-b3fa51804cc9', 'de90f25d-b3a6-4839-be51-d18e6f8730b7', 'adasdasda@teste.com', 'adasdasda@teste.com', NULL, NULL, 'aluno', NULL, true, '2025-10-10 18:12:15.858793+00', '2025-10-10 18:12:15.858793+00', NULL, NULL, NULL, NULL, NULL, NULL, NULL, NULL, NULL, NULL, NULL, NULL, NULL, NULL, NULL, NULL, NULL, NULL, NULL, NULL, NULL),
	('2988546d-693b-4a21-90de-d131b6640bbc', '70018448-ffb0-40ef-820a-282dec2b24b7', 'Teste Real Trigger', 'teste_real_trigger@teste.com', NULL, NULL, 'aluno', NULL, true, '2025-10-13 18:06:30.521647+00', '2025-10-13 18:06:30.521647+00', NULL, NULL, NULL, NULL, NULL, NULL, NULL, NULL, NULL, NULL, NULL, NULL, NULL, NULL, NULL, NULL, NULL, NULL, NULL, NULL, NULL),
	('e926a091-de71-4a1b-91c6-fe97f139fd19', 'c7524076-a75b-47b6-837a-8d402ab0e60e', 'aluno jose', 'josealuno@teste.com', '123', NULL, 'aluno', NULL, true, '2025-10-13 18:10:50.338447+00', '2025-10-13 18:10:50.338447+00', NULL, NULL, NULL, NULL, NULL, NULL, NULL, NULL, NULL, NULL, NULL, NULL, NULL, NULL, NULL, NULL, NULL, NULL, NULL, NULL, NULL),
	('d22733b3-88df-49f4-9dc5-2151c32bc33a', '83606366-b061-402e-b2b3-97ca61744d9b', 'jose vendedor', 'vendedorjose@teste.com', '123', NULL, 'vendedor', NULL, true, '2025-10-13 18:11:38.663901+00', '2025-10-13 18:11:38.663901+00', NULL, NULL, NULL, NULL, NULL, NULL, NULL, NULL, NULL, NULL, NULL, NULL, NULL, NULL, NULL, NULL, NULL, NULL, NULL, NULL, NULL),
	('42f315cb-42fc-4a56-956c-e6a5658d356e', 'd39379f0-e82e-45be-bbb9-5faf9ee66361', 'jose colaborador', 'josecolaborador@teste.com', '123', NULL, 'colaborador', NULL, true, '2025-10-13 18:12:27.13566+00', '2025-10-13 18:12:27.13566+00', NULL, NULL, NULL, NULL, NULL, NULL, NULL, NULL, NULL, NULL, NULL, NULL, NULL, NULL, NULL, NULL, NULL, NULL, NULL, NULL, NULL),
	('32567792-a87b-42a1-8051-acdf1f289617', 'a092fa31-b125-4b77-b9a2-ead753f103f3', 'jose gestor', 'josegestor@teste.com', '123', NULL, 'gestor', NULL, true, '2025-10-13 18:13:00.559139+00', '2025-10-13 18:13:00.559139+00', NULL, NULL, NULL, NULL, NULL, NULL, NULL, NULL, NULL, NULL, NULL, NULL, NULL, NULL, NULL, NULL, NULL, NULL, NULL, NULL, NULL);


--
-- Data for Name: announcements; Type: TABLE DATA; Schema: public; Owner: postgres
--



--
-- Data for Name: certificate_requests; Type: TABLE DATA; Schema: public; Owner: postgres
--



--
-- Data for Name: certificate_templates; Type: TABLE DATA; Schema: public; Owner: postgres
--

INSERT INTO "public"."certificate_templates" ("id", "name", "course_type", "certifying_institution", "layout_url", "html_content", "active", "created_at", "updated_at") VALUES
	('dbd3540f-cde2-492f-8297-89aefb620a00', 'Certificado Digital', 'pos_graduacao', 'ESP', 'https://pedapp.com.br/comp.pdf', NULL, true, '2025-09-29 20:38:43.768406+00', '2025-10-10 14:03:23.822494+00');


--
-- Data for Name: combos; Type: TABLE DATA; Schema: public; Owner: postgres
--

INSERT INTO "public"."combos" ("id", "name", "description", "price", "is_active", "created_at", "updated_at") VALUES
	('305326e7-94fd-42e2-a808-cab4101b2da0', 'Combo 1 - 2ª Licenciatura + Pós Graduação', 'Pacotão', 1200.00, true, '2025-10-08 13:40:21.421383+00', '2025-10-08 13:40:21.421383+00'),
	('335a0d43-3b09-448e-a590-63a6437fa542', 'Combo 2 - 2ª Licenciatura + Pós + Curso Livre', '', 1300.00, true, '2025-10-08 14:10:32.718416+00', '2025-10-08 14:10:32.718416+00');


--
-- Data for Name: combo_course_types; Type: TABLE DATA; Schema: public; Owner: postgres
--

INSERT INTO "public"."combo_course_types" ("combo_id", "course_type_id") VALUES
	('305326e7-94fd-42e2-a808-cab4101b2da0', '7b625a0a-3f08-4d21-bcc3-6c45dbf2f63a'),
	('305326e7-94fd-42e2-a808-cab4101b2da0', '02442ffc-e570-4783-8b40-fdb8938c6f49'),
	('335a0d43-3b09-448e-a590-63a6437fa542', '7b625a0a-3f08-4d21-bcc3-6c45dbf2f63a'),
	('335a0d43-3b09-448e-a590-63a6437fa542', '02442ffc-e570-4783-8b40-fdb8938c6f49'),
	('335a0d43-3b09-448e-a590-63a6437fa542', 'd3593c6c-a04e-48b0-8152-39ec65d7e2cf');


--
-- Data for Name: contracts; Type: TABLE DATA; Schema: public; Owner: postgres
--

INSERT INTO "public"."contracts" ("id", "name", "course_type_id", "certifying_institution_id", "contract_content", "terms_and_conditions", "version", "active", "created_at", "updated_at") VALUES
	('2e581856-820b-44a7-8b1e-1d84389aef49', 'dasdas', '7abf644d-f81a-402a-b35a-1b10cc485735', '7f859896-6c53-430b-b5ba-b2eb7b256228', '<html>adasdas</html>', NULL, '1.0', true, '2025-09-26 19:26:09.55165+00', '2025-09-26 19:26:09.55165+00');


--
-- Data for Name: teachers; Type: TABLE DATA; Schema: public; Owner: postgres
--

INSERT INTO "public"."teachers" ("id", "created_at", "full_name", "titulation") VALUES
	('8e1f49c2-7bac-493a-9f21-d188fe94a5c2', '2025-10-01 22:52:13.743382+00', 'Jorge Prof', 'Mestre');


--
-- Data for Name: disciplines; Type: TABLE DATA; Schema: public; Owner: postgres
--

INSERT INTO "public"."disciplines" ("id", "created_at", "name", "workload_hours", "recovery_attempts", "teacher_id") VALUES
	('1176cfa5-903f-4e4d-a762-a26b311a0e75', '2025-10-02 13:17:28.207765+00', 'Gestação de Alto Risco e Emergências Obstétricas I', 40, 1, '8e1f49c2-7bac-493a-9f21-d188fe94a5c2'),
	('b1827241-b25c-436d-9719-a2debcb1e50b', '2025-10-02 17:19:32.341175+00', 'Enfermagem no Ciclo Gravídico', 40, 1, '8e1f49c2-7bac-493a-9f21-d188fe94a5c2'),
	('a5ad1a39-7e4f-4a42-8db9-dc9dd4c0fd93', '2025-10-02 20:35:21.867189+00', 'Assistência de Enfermagem no Período Pós-Operatório', 40, 1, '8e1f49c2-7bac-493a-9f21-d188fe94a5c2'),
	('90a89cc2-bdb3-4557-9066-b2f58401a164', '2025-10-08 16:29:14.807996+00', 'Nova matéria', 40, 1, '8e1f49c2-7bac-493a-9f21-d188fe94a5c2');


--
-- Data for Name: course_disciplines; Type: TABLE DATA; Schema: public; Owner: postgres
--

INSERT INTO "public"."course_disciplines" ("id", "course_id", "discipline_id") VALUES
	('abcd1e16-d4e6-40c7-bb2e-e569d31e46b9', '1b50fcb0-cfdc-4928-98dc-b7707fe8d999', '1176cfa5-903f-4e4d-a762-a26b311a0e75'),
	('047d0a84-f0f7-4a15-a79a-a4e06da33cbb', '1b50fcb0-cfdc-4928-98dc-b7707fe8d999', 'b1827241-b25c-436d-9719-a2debcb1e50b'),
	('b91046e8-06a8-4846-8d74-ffdea71c6786', '1b50fcb0-cfdc-4928-98dc-b7707fe8d999', 'a5ad1a39-7e4f-4a42-8db9-dc9dd4c0fd93'),
	('497daa39-9506-411e-9bc3-08a56049034d', '14922049-598c-4e99-83a1-d3cacb11abdd', '90a89cc2-bdb3-4557-9066-b2f58401a164');


--
-- Data for Name: document_configs; Type: TABLE DATA; Schema: public; Owner: postgres
--

INSERT INTO "public"."document_configs" ("id", "name", "description", "created_at") VALUES
	('f55f3c7e-29fd-47fb-a03e-4cd6b8c78f95', 'Documento de Identidade (RG ou CNH)', 'Frente e verso do documento com foto.', '2025-10-09 15:00:32.596202+00'),
	('f3747f24-fb18-46c3-9a0a-b382ef68ab59', 'CPF', 'Cadastro de Pessoa Física, caso não conste no documento de identidade.', '2025-10-09 15:00:32.596202+00'),
	('8aad5651-f1cd-4ba1-a3c9-b501fa285809', 'Comprovante de Residência', 'Conta de água, luz ou telefone recente (últimos 3 meses).', '2025-10-09 15:00:32.596202+00'),
	('611115f7-9741-47a2-a12e-4d0693616f7a', 'Certificado de Conclusão do Ensino Médio', 'Frente e verso do certificado.', '2025-10-09 15:00:32.596202+00'),
	('e97cbf4c-2909-4b94-aa67-6e522e929d96', 'Histórico Escolar do Ensino Médio', 'Documento completo com todas as notas.', '2025-10-09 15:00:32.596202+00');


--
-- Data for Name: documents; Type: TABLE DATA; Schema: public; Owner: postgres
--



--
-- Data for Name: enrollments; Type: TABLE DATA; Schema: public; Owner: postgres
--

INSERT INTO "public"."enrollments" ("id", "student_id", "course_id", "seller_id", "enrollment_number", "status", "enrollment_fee_status", "enrollment_date", "start_date", "expected_end_date", "actual_end_date", "created_at", "updated_at", "combo_id", "package_id") VALUES
	('418f79d0-4db4-4aa6-ad56-fe831a3b9253', '9fa6f848-7bcc-41d6-85fb-9e3037a7a380', '7942c06a-476b-4bd6-80ce-ab791351a5ed', NULL, '000007-2025', 'concluida', 'pago', '2025-09-29 20:32:22.044+00', NULL, NULL, NULL, '2025-09-29 20:32:21.614645+00', '2025-09-29 20:32:21.614645+00', NULL, NULL),
	('1e4c91ad-d4f9-4971-ab3c-9afef9fad52b', '9fa6f848-7bcc-41d6-85fb-9e3037a7a380', '1b50fcb0-cfdc-4928-98dc-b7707fe8d999', NULL, '000008-2025', 'ativa', 'pago', '2025-09-29 20:34:38.578+00', NULL, NULL, NULL, '2025-09-29 20:34:38.120493+00', '2025-09-29 20:34:38.120493+00', NULL, NULL),
	('8be2494b-38d7-448d-8864-9d06a013623f', '02894cff-93a8-4087-bbcb-791b8bb5c207', '1b50fcb0-cfdc-4928-98dc-b7707fe8d999', NULL, '000009-2025', 'ativa', 'pago', '2025-10-02 13:49:54.787+00', NULL, NULL, NULL, '2025-10-02 13:49:56.569927+00', '2025-10-02 13:49:56.569927+00', NULL, NULL),
	('9f674618-414f-4ca6-9242-2324718c8161', '4c0c41c3-f3e4-40ac-a9c9-d78b6b270966', '1b50fcb0-cfdc-4928-98dc-b7707fe8d999', NULL, '000010-2025', 'ativa', 'pago', '2025-10-03 01:53:29.482+00', NULL, NULL, NULL, '2025-10-03 01:53:28.916776+00', '2025-10-03 01:53:28.916776+00', NULL, NULL),
	('f0f7b3e1-9d52-4e74-b089-875814c6855a', '9fa6f848-7bcc-41d6-85fb-9e3037a7a380', '14922049-598c-4e99-83a1-d3cacb11abdd', NULL, '000016-2025', 'pendente', 'pago', '2025-10-08 15:46:36.565+00', NULL, NULL, NULL, '2025-10-08 15:46:37.805122+00', '2025-10-09 23:46:33.164742+00', NULL, NULL),
	('d6ae3cae-011e-443a-b924-6c940c7e7797', '9fa6f848-7bcc-41d6-85fb-9e3037a7a380', 'f7acace7-4b20-4470-a577-f08b8b067558', NULL, '000011-2025', 'ativa', 'pendente', '2025-10-07 23:31:01.077+00', NULL, NULL, NULL, '2025-10-07 23:31:00.986411+00', '2025-10-09 15:52:01.69825+00', NULL, NULL),
	('d2495514-9ae7-40b9-86d0-a1b14fba8315', '9fa6f848-7bcc-41d6-85fb-9e3037a7a380', '644964ee-56ff-4d5e-80a7-ad821ea4b3a9', NULL, '000005-2025', 'ativa', 'pendente', '2025-09-26 17:11:52.932+00', NULL, NULL, NULL, '2025-09-26 17:11:54.525349+00', '2025-10-09 15:52:08.44927+00', NULL, NULL),
	('c2537fb3-3031-4172-a214-45929d0be5b6', '77a89ce3-2766-4c70-b851-d059d6bd4ee8', '1c309bcd-548a-47f9-80e0-b43217da5fcf', NULL, '000013-2025', 'ativa', 'pendente', '2025-10-07 23:59:15.929+00', NULL, NULL, NULL, '2025-10-07 23:59:15.839546+00', '2025-10-09 15:52:10.238162+00', NULL, NULL),
	('7513adf6-8fae-43f7-8c33-5e8946187e45', '9fa6f848-7bcc-41d6-85fb-9e3037a7a380', 'db62536f-e04e-4de7-951c-c2b506f711a7', NULL, '000017-2025', 'ativa', 'pendente', '2025-10-09 15:45:21+00', NULL, NULL, NULL, '2025-10-09 15:45:22.539221+00', '2025-10-09 15:52:12.490562+00', NULL, NULL),
	('6b5dace7-f611-48ef-b924-f7ae3fcfcc11', '77a89ce3-2766-4c70-b851-d059d6bd4ee8', '14922049-598c-4e99-83a1-d3cacb11abdd', NULL, '000014-2025', 'ativa', 'pendente', '2025-10-08 13:44:04.224+00', NULL, NULL, NULL, '2025-10-08 13:44:05.321597+00', '2025-10-09 15:52:14.132532+00', '305326e7-94fd-42e2-a808-cab4101b2da0', '1e40f24e-44a8-49ec-9e80-c72ffc4af213'),
	('68897f36-f5a2-41cb-944c-8d7cf3586de6', '9fa6f848-7bcc-41d6-85fb-9e3037a7a380', 'eb58abce-a7d5-4df5-a913-eafe86d65149', NULL, '000002-2025', 'ativa', 'pendente', '2025-09-26 16:34:30.656+00', NULL, NULL, NULL, '2025-09-26 16:34:32.278402+00', '2025-10-09 15:52:15.866715+00', NULL, NULL),
	('1f698719-d5c9-4ff7-8294-313f69fa8bdf', '9fa6f848-7bcc-41d6-85fb-9e3037a7a380', '4823ef9b-3f7c-4c30-8ec5-065bf84ee970', NULL, '000001-2025', 'ativa', 'pendente', '2025-09-26 16:21:28.118+00', NULL, NULL, NULL, '2025-09-26 16:21:29.739509+00', '2025-10-09 15:52:19.714316+00', NULL, NULL),
	('1e9fd195-b578-4d0b-9deb-9018c93c8a84', '9fa6f848-7bcc-41d6-85fb-9e3037a7a380', '45af6f2d-c975-4df6-8dfd-332e35cb20fe', NULL, '000003-2025', 'ativa', 'pago', '2025-09-26 16:41:28.498+00', NULL, NULL, NULL, '2025-09-26 16:41:30.110654+00', '2025-10-09 15:52:21.451592+00', NULL, NULL),
	('b6c4adb8-d260-4650-93f4-01e47cf20f69', '9fa6f848-7bcc-41d6-85fb-9e3037a7a380', '4a44698f-0bf5-44c1-9ccc-a1ccd5b7ce69', NULL, '000018-2025', 'pendente', 'pendente', '2025-10-09 23:04:09.277+00', NULL, NULL, NULL, '2025-10-09 23:04:08.902573+00', '2025-10-09 23:04:08.902573+00', NULL, NULL),
	('e3a9f492-c2fe-4d6e-b6bd-a653fd6422c6', '9fa6f848-7bcc-41d6-85fb-9e3037a7a380', '43d1179a-3238-42ee-8c15-266da8242d41', NULL, '000004-2025', 'ativa', 'pago', '2025-09-26 16:42:00.803+00', NULL, NULL, NULL, '2025-09-26 16:42:02.423031+00', '2025-10-09 23:32:47.104893+00', NULL, NULL),
	('dfef98b9-5ee9-416f-b6e9-42ed81f63b9a', 'e012937a-6e96-4954-8ecb-471e0e19ad06', '4a44698f-0bf5-44c1-9ccc-a1ccd5b7ce69', NULL, '000019-2025', 'pendente', 'pendente', '2025-10-09 23:27:07.822+00', NULL, NULL, NULL, '2025-10-09 23:27:07.434641+00', '2025-10-09 23:35:05.903358+00', NULL, NULL);


--
-- Data for Name: enrollment_occurrences; Type: TABLE DATA; Schema: public; Owner: postgres
--

INSERT INTO "public"."enrollment_occurrences" ("id", "enrollment_id", "description", "created_by", "created_at", "metadata", "image_url") VALUES
	('0b46a16d-924b-4721-b8e6-048bbb6ff3c1', 'f0f7b3e1-9d52-4e74-b089-875814c6855a', 'dasdas', 'b0394c46-3d20-4645-a26b-00f2ff56d076', '2025-10-08 23:44:28.011384+00', NULL, 'https://drive.google.com/file/d/1W34pP-7EOm2PAVb6cpbgGwmuVO6Q_t7a/view?usp=drivesdk'),
	('6e677f0e-79db-4a48-ac04-54d9181cc4aa', 'f0f7b3e1-9d52-4e74-b089-875814c6855a', 'teste sem imagem', 'b0394c46-3d20-4645-a26b-00f2ff56d076', '2025-10-08 23:44:54.350578+00', NULL, NULL),
	('79c7ef6d-ea8e-4fed-b9ec-59be1d4cfd4c', 'f0f7b3e1-9d52-4e74-b089-875814c6855a', 'teste com imagem', 'b0394c46-3d20-4645-a26b-00f2ff56d076', '2025-10-08 23:46:16.858422+00', NULL, 'https://drive.google.com/file/d/1bHo0C31uJguAa6BpdmrJRE_27OH4-n6Q/view?usp=drivesdk'),
	('2d35e16f-d2f5-4430-b3a4-cd84e573eb4a', 'f0f7b3e1-9d52-4e74-b089-875814c6855a', 'sdas', 'b0394c46-3d20-4645-a26b-00f2ff56d076', '2025-10-08 23:48:44.670243+00', NULL, 'https://drive.google.com/file/d/1QGBJ4nApG1mxn3vq8Gvw1UQ6ZvtXDjSY/view?usp=drivesdk'),
	('5df6329c-0a8c-4e0a-8fa1-a79d6d0b548f', 'dfef98b9-5ee9-416f-b6e9-42ed81f63b9a', 'dasdasd', 'b0394c46-3d20-4645-a26b-00f2ff56d076', '2025-10-09 23:54:17.922914+00', NULL, NULL),
	('c20551ed-bb03-47c7-93d7-90918be8d218', 'dfef98b9-5ee9-416f-b6e9-42ed81f63b9a', 'das', 'b0394c46-3d20-4645-a26b-00f2ff56d076', '2025-10-09 23:54:32.876933+00', NULL, 'https://drive.google.com/file/d/1ZicXZBI5S82iVf7r0bdr0qtftuiqVaCe/view?usp=drivesdk'),
	('e5671efc-0f95-4097-916c-a051b920f1d2', 'dfef98b9-5ee9-416f-b6e9-42ed81f63b9a', 'modelo novo', 'b0394c46-3d20-4645-a26b-00f2ff56d076', '2025-10-10 12:20:16.861396+00', NULL, 'https://drive.google.com/file/d/1lkyhplr4SXATSerkQG_W9Oclr0cM6yLt/view?usp=drivesdk');


--
-- Data for Name: learning_units; Type: TABLE DATA; Schema: public; Owner: postgres
--

INSERT INTO "public"."learning_units" ("id", "created_at", "name", "sagah_content_id", "discipline_id") VALUES
	('fa629d34-7a92-472f-b733-e81d513a1f1a', '2025-10-02 13:17:41.649036+00', 'Infecção pelo HIV na gestação', '5f1d7bd6bc6d0400196a322f', '1176cfa5-903f-4e4d-a762-a26b311a0e75'),
	('aac860c8-bbf8-440f-87aa-e21f66a1fb74', '2025-10-02 13:17:57.097571+00', 'Processo de Gestação', '5f1d70907be5c8001826878f', '1176cfa5-903f-4e4d-a762-a26b311a0e75'),
	('cc60d56c-da69-42bb-8538-2121d987d067', '2025-10-02 17:19:47.422028+00', 'Epidemiologia e políticas públicas de atenção ao ciclo gravídico-puerperal', '614a563fdda5a000126343f4', 'b1827241-b25c-436d-9719-a2debcb1e50b'),
	('b88c4365-7fd7-47d6-9353-df0ea518fd71', '2025-10-02 17:19:56.606204+00', 'Anatomia e fisiologia do sistema genital feminino', '5fe1158ad6c9a00012535dca', 'b1827241-b25c-436d-9719-a2debcb1e50b'),
	('8dd3cb36-90c9-4cc8-92a4-6f38c8a36aaf', '2025-10-02 20:35:40.395547+00', 'Tratamento de enfermagem na SRPA: escore de Aldrete', '5f1cc500e64f7c0011a00f95', 'a5ad1a39-7e4f-4a42-8db9-dc9dd4c0fd93'),
	('df6cc5db-af56-4794-b04a-6195a2d10890', '2025-10-02 21:35:57.834513+00', 'Admissão do paciente na unidade clínica', '5f1ccc8de64f7c0011a018a9', 'a5ad1a39-7e4f-4a42-8db9-dc9dd4c0fd93');


--
-- Data for Name: permissions; Type: TABLE DATA; Schema: public; Owner: postgres
--

INSERT INTO "public"."permissions" ("id", "user_id", "module_name", "can_view", "can_create", "can_edit", "can_delete", "created_at", "updated_at") VALUES
	('5ff37130-71e2-41b3-9ffc-40dd1c48c5ce', 'b0394c46-3d20-4645-a26b-00f2ff56d076', 'combos', true, true, true, true, '2025-10-07 23:13:40.340199+00', '2025-10-07 23:13:40.340199+00'),
	('eb4dd16c-8d7d-4c83-9fb3-6dbd53f30ef1', '885878c7-fd5a-4169-9179-603683cd47c4', 'combos', true, true, true, true, '2025-10-07 23:13:40.340199+00', '2025-10-07 23:13:40.340199+00'),
	('d91c923a-619d-4c36-9ddf-f85e92109126', '1e395b01-70ad-43bd-9397-8bcc1a0bac2a', 'combos', true, true, true, true, '2025-10-07 23:13:40.340199+00', '2025-10-07 23:13:40.340199+00'),
	('0a60352f-7475-41e0-b16f-49686d422d7c', '5208eeb0-96f8-4875-b960-60501f38a417', 'announcements', true, true, false, false, '2025-10-10 17:06:58.601792+00', '2025-10-10 17:06:58.601792+00'),
	('eb41643f-8e1b-4ea6-98b3-1e16255fe389', '5208eeb0-96f8-4875-b960-60501f38a417', 'certificates', true, false, false, false, '2025-10-10 17:06:58.601792+00', '2025-10-10 17:06:58.601792+00'),
	('02182a36-b78d-425e-ba89-d59ef766010b', '5208eeb0-96f8-4875-b960-60501f38a417', 'protocols', true, true, true, true, '2025-10-10 17:06:58.601792+00', '2025-10-10 17:06:58.601792+00'),
	('ce3cbd50-6f2e-408a-96df-c0130abd97a2', '739cfb43-319a-460b-ba28-7943e9821e23', 'combos', true, true, true, true, '2025-10-10 17:07:03.852142+00', '2025-10-10 17:07:03.852142+00'),
	('d80df15e-912f-4496-a67b-baabcc452b5c', '739cfb43-319a-460b-ba28-7943e9821e23', 'users', false, true, false, false, '2025-10-10 17:07:03.852142+00', '2025-10-10 17:07:03.852142+00'),
	('9866bac4-8b18-416f-ac0e-3be97a99048d', 'ba979969-a980-40bc-b8bf-9c33c35d1906', 'users', true, true, false, false, '2025-10-10 17:49:14.880115+00', '2025-10-10 17:49:14.880115+00');


--
-- Data for Name: protocols; Type: TABLE DATA; Schema: public; Owner: postgres
--



--
-- Data for Name: protocol_messages; Type: TABLE DATA; Schema: public; Owner: postgres
--



--
-- Data for Name: referrals; Type: TABLE DATA; Schema: public; Owner: postgres
--

INSERT INTO "public"."referrals" ("id", "created_at", "referred_by_student_id", "referred_name", "referred_phone", "interested_course_id", "status", "assigned_to_rep_id", "admin_notes") VALUES
	('f20e5663-36c5-4d2d-8500-384c087e32a3', '2025-09-29 18:33:12.339946+00', '9fa6f848-7bcc-41d6-85fb-9e3037a7a380', 'Nádia', '1198080878', '4823ef9b-3f7c-4c30-8ec5-065bf84ee970', 'matriculado', 'fe969bd4-a525-48a3-b1e1-2d014a94524a', NULL),
	('7c2330e8-db7c-4ef6-b158-c2569f1ae086', '2025-09-29 19:56:28.051866+00', '9fa6f848-7bcc-41d6-85fb-9e3037a7a380', 'José', '119879784854', '644964ee-56ff-4d5e-80a7-ad821ea4b3a9', 'nova', NULL, NULL),
	('94754836-9fb7-49b0-add7-1f0ec27bc552', '2025-10-10 13:39:44.547281+00', '9fa6f848-7bcc-41d6-85fb-9e3037a7a380', 'Suellen', '12123123231', 'e592a310-350b-4fe2-be39-8adef4021a3d', 'matriculado', NULL, NULL);


--
-- Data for Name: required_documents; Type: TABLE DATA; Schema: public; Owner: postgres
--

INSERT INTO "public"."required_documents" ("course_type_id", "document_config_id") VALUES
	('02442ffc-e570-4783-8b40-fdb8938c6f49', 'f55f3c7e-29fd-47fb-a03e-4cd6b8c78f95'),
	('02442ffc-e570-4783-8b40-fdb8938c6f49', '8aad5651-f1cd-4ba1-a3c9-b501fa285809'),
	('02442ffc-e570-4783-8b40-fdb8938c6f49', 'e97cbf4c-2909-4b94-aa67-6e522e929d96'),
	('02442ffc-e570-4783-8b40-fdb8938c6f49', 'f3747f24-fb18-46c3-9a0a-b382ef68ab59'),
	('02442ffc-e570-4783-8b40-fdb8938c6f49', '611115f7-9741-47a2-a12e-4d0693616f7a');


--
-- Data for Name: sales; Type: TABLE DATA; Schema: public; Owner: postgres
--



--
-- Data for Name: student_activity_logs; Type: TABLE DATA; Schema: public; Owner: postgres
--

INSERT INTO "public"."student_activity_logs" ("id", "created_at", "student_id", "actor_id", "action_type", "details") VALUES
	('4837c1e9-9d93-4983-897f-c3f1c83ae109', '2025-10-08 15:34:12.723946+00', '9fa6f848-7bcc-41d6-85fb-9e3037a7a380', 'b0394c46-3d20-4645-a26b-00f2ff56d076', 'acesso_administrativo', NULL),
	('44e586e3-ad44-49eb-b9b6-d523af371abc', '2025-10-08 15:34:12.743289+00', '9fa6f848-7bcc-41d6-85fb-9e3037a7a380', 'b0394c46-3d20-4645-a26b-00f2ff56d076', 'acesso_administrativo', NULL),
	('caa47c96-be7f-4c93-8dad-bdced16773bb', '2025-10-08 15:40:09.231117+00', '9fa6f848-7bcc-41d6-85fb-9e3037a7a380', 'b0394c46-3d20-4645-a26b-00f2ff56d076', 'acesso_administrativo', NULL),
	('26b92d11-80e0-479e-84fd-57fae54ebce1', '2025-10-08 15:40:09.271534+00', '9fa6f848-7bcc-41d6-85fb-9e3037a7a380', 'b0394c46-3d20-4645-a26b-00f2ff56d076', 'acesso_administrativo', NULL),
	('69fc0f0f-96dd-47c7-82f6-e955ad0aaaf8', '2025-10-08 15:41:14.74421+00', '9fa6f848-7bcc-41d6-85fb-9e3037a7a380', 'b0394c46-3d20-4645-a26b-00f2ff56d076', 'acesso_administrativo', NULL),
	('bfa0ae0c-c822-4e63-8582-eff0468fd41f', '2025-10-08 15:41:14.76562+00', '9fa6f848-7bcc-41d6-85fb-9e3037a7a380', 'b0394c46-3d20-4645-a26b-00f2ff56d076', 'acesso_administrativo', NULL),
	('384367ac-ca2f-424c-b470-b165cd91fa41', '2025-10-08 15:43:06.586245+00', '9fa6f848-7bcc-41d6-85fb-9e3037a7a380', 'b0394c46-3d20-4645-a26b-00f2ff56d076', 'acesso_administrativo', NULL),
	('d55674a3-1809-469a-ad52-95f1892e330d', '2025-10-08 15:43:06.613639+00', '9fa6f848-7bcc-41d6-85fb-9e3037a7a380', 'b0394c46-3d20-4645-a26b-00f2ff56d076', 'acesso_administrativo', NULL),
	('c01bb186-4479-4892-b294-24216b597458', '2025-10-08 15:43:15.071953+00', '9fa6f848-7bcc-41d6-85fb-9e3037a7a380', 'b0394c46-3d20-4645-a26b-00f2ff56d076', 'acesso_administrativo', NULL),
	('6076c3da-1346-4659-b6c9-2691c02cbcb7', '2025-10-08 15:43:15.104313+00', '9fa6f848-7bcc-41d6-85fb-9e3037a7a380', 'b0394c46-3d20-4645-a26b-00f2ff56d076', 'acesso_administrativo', NULL),
	('1fe49b9b-6c06-4de8-94b0-54e86183106b', '2025-10-08 15:43:42.768682+00', '9fa6f848-7bcc-41d6-85fb-9e3037a7a380', 'b0394c46-3d20-4645-a26b-00f2ff56d076', 'acesso_administrativo', NULL),
	('6d5d909c-6734-4dc9-bb74-f715d3a1bc57', '2025-10-08 15:43:42.804719+00', '9fa6f848-7bcc-41d6-85fb-9e3037a7a380', 'b0394c46-3d20-4645-a26b-00f2ff56d076', 'acesso_administrativo', NULL),
	('e97a609c-5055-4850-9c11-ffd63294afdc', '2025-10-08 15:44:52.069081+00', '9fa6f848-7bcc-41d6-85fb-9e3037a7a380', 'b0394c46-3d20-4645-a26b-00f2ff56d076', 'acesso_administrativo', NULL),
	('6f8c98eb-7864-4fbe-98e8-f674c5fce5bd', '2025-10-08 15:44:52.090625+00', '9fa6f848-7bcc-41d6-85fb-9e3037a7a380', 'b0394c46-3d20-4645-a26b-00f2ff56d076', 'acesso_administrativo', NULL),
	('5d170cf3-9673-4a2f-aeea-0672e3dcb725', '2025-10-08 15:45:02.414831+00', '9fa6f848-7bcc-41d6-85fb-9e3037a7a380', 'b0394c46-3d20-4645-a26b-00f2ff56d076', 'acesso_administrativo', NULL),
	('ea0cad93-0cc0-43f4-a8c6-ca2622e9a596', '2025-10-08 15:45:02.433574+00', '9fa6f848-7bcc-41d6-85fb-9e3037a7a380', 'b0394c46-3d20-4645-a26b-00f2ff56d076', 'acesso_administrativo', NULL),
	('7ff1a472-8d0e-40ab-b5ff-d117d7524374', '2025-10-08 15:45:07.266371+00', '9fa6f848-7bcc-41d6-85fb-9e3037a7a380', 'b0394c46-3d20-4645-a26b-00f2ff56d076', 'acesso_administrativo', NULL),
	('78d5ff9d-1f60-4fe5-be59-d1a278e5f15f', '2025-10-08 15:45:07.329206+00', '9fa6f848-7bcc-41d6-85fb-9e3037a7a380', 'b0394c46-3d20-4645-a26b-00f2ff56d076', 'acesso_administrativo', NULL),
	('b188260d-8aa4-4982-bea9-9b9b6f72a257', '2025-10-08 15:45:59.193682+00', '9fa6f848-7bcc-41d6-85fb-9e3037a7a380', 'b0394c46-3d20-4645-a26b-00f2ff56d076', 'acesso_administrativo', NULL),
	('91859edd-aceb-4151-8fde-cb4cef68c5e1', '2025-10-08 15:45:59.22063+00', '9fa6f848-7bcc-41d6-85fb-9e3037a7a380', 'b0394c46-3d20-4645-a26b-00f2ff56d076', 'acesso_administrativo', NULL),
	('4f9983a2-872d-4913-9174-ed9874253c6b', '2025-10-08 15:46:06.488167+00', '9fa6f848-7bcc-41d6-85fb-9e3037a7a380', 'b0394c46-3d20-4645-a26b-00f2ff56d076', 'acesso_administrativo', NULL),
	('ccb2cfd5-b998-43ed-9f0b-76821b388bb6', '2025-10-08 15:46:06.549224+00', '9fa6f848-7bcc-41d6-85fb-9e3037a7a380', 'b0394c46-3d20-4645-a26b-00f2ff56d076', 'acesso_administrativo', NULL),
	('3a52891b-1f04-4bc8-88de-dff3c95b9302', '2025-10-08 15:46:12.817081+00', '9fa6f848-7bcc-41d6-85fb-9e3037a7a380', 'b0394c46-3d20-4645-a26b-00f2ff56d076', 'acesso_administrativo', NULL),
	('e2abee8b-bce7-4a2c-b70b-7cf46c5619f6', '2025-10-08 15:46:12.871992+00', '9fa6f848-7bcc-41d6-85fb-9e3037a7a380', 'b0394c46-3d20-4645-a26b-00f2ff56d076', 'acesso_administrativo', NULL),
	('61285bc1-2562-472a-9943-0d0f38503e35', '2025-10-08 15:46:42.674525+00', '9fa6f848-7bcc-41d6-85fb-9e3037a7a380', 'b0394c46-3d20-4645-a26b-00f2ff56d076', 'acesso_administrativo', NULL),
	('d1852d39-4aa5-4b6a-b14a-1992c214f8d4', '2025-10-08 15:46:42.72098+00', '9fa6f848-7bcc-41d6-85fb-9e3037a7a380', 'b0394c46-3d20-4645-a26b-00f2ff56d076', 'acesso_administrativo', NULL),
	('cc79716d-c013-4a15-a81f-597c60c23970', '2025-10-08 15:47:04.283869+00', '9fa6f848-7bcc-41d6-85fb-9e3037a7a380', 'b0394c46-3d20-4645-a26b-00f2ff56d076', 'acesso_administrativo', NULL),
	('ffe5d961-f51d-40ab-833a-da109d45edb2', '2025-10-08 15:47:04.312519+00', '9fa6f848-7bcc-41d6-85fb-9e3037a7a380', 'b0394c46-3d20-4645-a26b-00f2ff56d076', 'acesso_administrativo', NULL),
	('4619d061-de90-4a57-acdb-d9debd6b64bf', '2025-10-08 15:47:46.82869+00', '9fa6f848-7bcc-41d6-85fb-9e3037a7a380', 'b0394c46-3d20-4645-a26b-00f2ff56d076', 'acesso_administrativo', NULL),
	('67f742b0-abef-4cc6-b4cc-8e9fb733e5e7', '2025-10-08 15:47:46.874369+00', '9fa6f848-7bcc-41d6-85fb-9e3037a7a380', 'b0394c46-3d20-4645-a26b-00f2ff56d076', 'acesso_administrativo', NULL),
	('0ebfa15c-6733-4c6f-8cca-42698747bb13', '2025-10-08 15:47:53.730006+00', '4c0c41c3-f3e4-40ac-a9c9-d78b6b270966', 'b0394c46-3d20-4645-a26b-00f2ff56d076', 'acesso_administrativo', NULL),
	('7f2adfa6-2977-4eb0-a121-e44ca2d41f37', '2025-10-08 15:47:53.770138+00', '4c0c41c3-f3e4-40ac-a9c9-d78b6b270966', 'b0394c46-3d20-4645-a26b-00f2ff56d076', 'acesso_administrativo', NULL),
	('4ea7878c-33ec-43ae-8a2c-a742db782f90', '2025-10-08 15:51:03.640308+00', '9fa6f848-7bcc-41d6-85fb-9e3037a7a380', 'b0394c46-3d20-4645-a26b-00f2ff56d076', 'acesso_administrativo', NULL),
	('1c918598-722f-4b26-b2b4-0e99350e57ba', '2025-10-08 15:51:03.66736+00', '9fa6f848-7bcc-41d6-85fb-9e3037a7a380', 'b0394c46-3d20-4645-a26b-00f2ff56d076', 'acesso_administrativo', NULL),
	('91cd6204-f0af-4418-99a3-e501c1d81f1b', '2025-10-08 15:51:36.593131+00', '9fa6f848-7bcc-41d6-85fb-9e3037a7a380', 'b0394c46-3d20-4645-a26b-00f2ff56d076', 'acesso_administrativo', NULL),
	('d58f905e-3dc4-4400-93b9-d74d463f70ca', '2025-10-08 15:51:36.63254+00', '9fa6f848-7bcc-41d6-85fb-9e3037a7a380', 'b0394c46-3d20-4645-a26b-00f2ff56d076', 'acesso_administrativo', NULL),
	('4cd52483-7b3f-47fb-bc83-ff5646ed0dad', '2025-10-08 15:51:41.194115+00', '9fa6f848-7bcc-41d6-85fb-9e3037a7a380', 'b0394c46-3d20-4645-a26b-00f2ff56d076', 'acesso_administrativo', NULL),
	('5d479537-345b-4459-88dc-badbe7596d8c', '2025-10-08 15:51:41.221546+00', '9fa6f848-7bcc-41d6-85fb-9e3037a7a380', 'b0394c46-3d20-4645-a26b-00f2ff56d076', 'acesso_administrativo', NULL),
	('960bf2c7-4c67-4d8e-a824-201f2c30f47c', '2025-10-08 15:52:32.663318+00', '9fa6f848-7bcc-41d6-85fb-9e3037a7a380', 'b0394c46-3d20-4645-a26b-00f2ff56d076', 'acesso_administrativo', NULL),
	('1e660179-2993-4845-96e6-bde974648297', '2025-10-08 15:52:32.70271+00', '9fa6f848-7bcc-41d6-85fb-9e3037a7a380', 'b0394c46-3d20-4645-a26b-00f2ff56d076', 'acesso_administrativo', NULL),
	('a3956546-bdb9-463f-9dcb-9cea50268f38', '2025-10-08 15:53:12.122726+00', '4c0c41c3-f3e4-40ac-a9c9-d78b6b270966', 'b0394c46-3d20-4645-a26b-00f2ff56d076', 'acesso_administrativo', NULL),
	('390912f9-a542-41ba-8b10-06fb6fc99d3a', '2025-10-08 15:53:12.187393+00', '4c0c41c3-f3e4-40ac-a9c9-d78b6b270966', 'b0394c46-3d20-4645-a26b-00f2ff56d076', 'acesso_administrativo', NULL),
	('6eb1a1e6-2f05-4c9f-8c53-66e32620a082', '2025-10-08 15:53:51.879984+00', '9fa6f848-7bcc-41d6-85fb-9e3037a7a380', 'b0394c46-3d20-4645-a26b-00f2ff56d076', 'acesso_administrativo', NULL),
	('263d0ec2-09e3-4370-bbc2-fdd683bd4cd3', '2025-10-08 15:53:51.90401+00', '9fa6f848-7bcc-41d6-85fb-9e3037a7a380', 'b0394c46-3d20-4645-a26b-00f2ff56d076', 'acesso_administrativo', NULL),
	('7dafee1c-8c72-4397-b42e-f021015d0d3e', '2025-10-08 15:53:54.205035+00', '9fa6f848-7bcc-41d6-85fb-9e3037a7a380', 'b0394c46-3d20-4645-a26b-00f2ff56d076', 'acesso_administrativo', NULL),
	('8bac9417-a4e8-4efe-9b4e-32c2e68e0f17', '2025-10-08 15:53:54.241389+00', '9fa6f848-7bcc-41d6-85fb-9e3037a7a380', 'b0394c46-3d20-4645-a26b-00f2ff56d076', 'acesso_administrativo', NULL),
	('7f1229e0-4641-4984-b955-b6ef8b4ae443', '2025-10-08 15:54:12.957255+00', '9fa6f848-7bcc-41d6-85fb-9e3037a7a380', 'b0394c46-3d20-4645-a26b-00f2ff56d076', 'acesso_administrativo', NULL),
	('c52f4ebb-b69d-4e94-9f3d-cd58ddd56139', '2025-10-08 15:54:13.049494+00', '9fa6f848-7bcc-41d6-85fb-9e3037a7a380', 'b0394c46-3d20-4645-a26b-00f2ff56d076', 'acesso_administrativo', NULL),
	('e70f5f58-75ef-451f-a7aa-2fb1eed73134', '2025-10-08 16:03:16.968937+00', '9fa6f848-7bcc-41d6-85fb-9e3037a7a380', 'b0394c46-3d20-4645-a26b-00f2ff56d076', 'acesso_administrativo', NULL),
	('9e951586-8b8b-4d27-b951-aacdb7f18787', '2025-10-08 16:03:16.991753+00', '9fa6f848-7bcc-41d6-85fb-9e3037a7a380', 'b0394c46-3d20-4645-a26b-00f2ff56d076', 'acesso_administrativo', NULL),
	('b17414f7-5178-4ac9-8a17-8440dc2d7379', '2025-10-08 16:21:36.817109+00', '9fa6f848-7bcc-41d6-85fb-9e3037a7a380', 'b0394c46-3d20-4645-a26b-00f2ff56d076', 'acesso_administrativo', NULL),
	('d7df7134-97d8-4e9d-8c2f-548e46668ee1', '2025-10-08 16:21:36.861717+00', '9fa6f848-7bcc-41d6-85fb-9e3037a7a380', 'b0394c46-3d20-4645-a26b-00f2ff56d076', 'acesso_administrativo', NULL),
	('5850360d-12be-4c9d-b53a-ca85a84492db', '2025-10-08 16:22:22.824313+00', '9fa6f848-7bcc-41d6-85fb-9e3037a7a380', 'b0394c46-3d20-4645-a26b-00f2ff56d076', 'acesso_administrativo', NULL),
	('07741388-cf10-437f-b788-e965a8cdc5e2', '2025-10-08 16:22:23.121459+00', '9fa6f848-7bcc-41d6-85fb-9e3037a7a380', 'b0394c46-3d20-4645-a26b-00f2ff56d076', 'acesso_administrativo', NULL),
	('0999cbe3-3732-4e34-b97e-e749e83aabd4', '2025-10-08 16:25:31.271578+00', '9fa6f848-7bcc-41d6-85fb-9e3037a7a380', 'b0394c46-3d20-4645-a26b-00f2ff56d076', 'acesso_administrativo', NULL),
	('7a7bf668-6e83-4644-b0be-9479fe907c00', '2025-10-08 16:25:31.30288+00', '9fa6f848-7bcc-41d6-85fb-9e3037a7a380', 'b0394c46-3d20-4645-a26b-00f2ff56d076', 'acesso_administrativo', NULL),
	('ee1e877d-3b79-4f72-963f-c5a8d2455bb1', '2025-10-08 16:25:37.83517+00', '9fa6f848-7bcc-41d6-85fb-9e3037a7a380', 'b0394c46-3d20-4645-a26b-00f2ff56d076', 'acesso_administrativo', NULL),
	('0ad02434-6487-47e6-90a1-0d6a3e7afbd1', '2025-10-08 16:25:37.869838+00', '9fa6f848-7bcc-41d6-85fb-9e3037a7a380', 'b0394c46-3d20-4645-a26b-00f2ff56d076', 'acesso_administrativo', NULL),
	('e47b0762-a147-4102-9862-26d48901a954', '2025-10-08 16:29:20.713715+00', '9fa6f848-7bcc-41d6-85fb-9e3037a7a380', 'b0394c46-3d20-4645-a26b-00f2ff56d076', 'acesso_administrativo', NULL),
	('1aced7ee-34eb-4867-bd6b-22833c2d6017', '2025-10-08 16:29:20.757948+00', '9fa6f848-7bcc-41d6-85fb-9e3037a7a380', 'b0394c46-3d20-4645-a26b-00f2ff56d076', 'acesso_administrativo', NULL),
	('5a41182d-ecfc-430b-8bc1-a280ea1dce65', '2025-10-08 16:37:32.036656+00', '9fa6f848-7bcc-41d6-85fb-9e3037a7a380', 'b0394c46-3d20-4645-a26b-00f2ff56d076', 'acesso_administrativo', NULL),
	('8c3d59a8-9ad9-4931-a916-14941858e425', '2025-10-08 16:37:32.040655+00', '9fa6f848-7bcc-41d6-85fb-9e3037a7a380', 'b0394c46-3d20-4645-a26b-00f2ff56d076', 'acesso_administrativo', NULL),
	('3ac92f6a-b693-42ca-8d59-d2fb385b5603', '2025-10-08 16:37:39.94535+00', '77a89ce3-2766-4c70-b851-d059d6bd4ee8', 'b0394c46-3d20-4645-a26b-00f2ff56d076', 'acesso_administrativo', NULL),
	('62984bca-e907-4792-988d-80035a851dd3', '2025-10-08 16:37:40.011711+00', '77a89ce3-2766-4c70-b851-d059d6bd4ee8', 'b0394c46-3d20-4645-a26b-00f2ff56d076', 'acesso_administrativo', NULL),
	('a263a70b-15ff-4c39-be9a-5360b0d172d5', '2025-10-08 16:37:50.499848+00', '77a89ce3-2766-4c70-b851-d059d6bd4ee8', 'b0394c46-3d20-4645-a26b-00f2ff56d076', 'acesso_administrativo', NULL),
	('24feb104-e4ea-4aa2-89e8-5996ee294de6', '2025-10-08 16:37:50.554486+00', '77a89ce3-2766-4c70-b851-d059d6bd4ee8', 'b0394c46-3d20-4645-a26b-00f2ff56d076', 'acesso_administrativo', NULL),
	('b65bf44f-1669-48cf-bd22-3fc16f9671b7', '2025-10-08 16:39:16.201109+00', '77a89ce3-2766-4c70-b851-d059d6bd4ee8', 'b0394c46-3d20-4645-a26b-00f2ff56d076', 'acesso_administrativo', NULL),
	('2513b477-43cf-40be-8cfe-9bd11861d5bd', '2025-10-08 16:39:16.274291+00', '77a89ce3-2766-4c70-b851-d059d6bd4ee8', 'b0394c46-3d20-4645-a26b-00f2ff56d076', 'acesso_administrativo', NULL),
	('30b80f62-a933-4307-90b6-fd3936fa2e5f', '2025-10-08 16:57:36.881923+00', '77a89ce3-2766-4c70-b851-d059d6bd4ee8', 'b0394c46-3d20-4645-a26b-00f2ff56d076', 'acesso_administrativo', NULL),
	('342cee31-1155-48d0-a2d2-fb39ca6967b6', '2025-10-08 16:57:36.926265+00', '77a89ce3-2766-4c70-b851-d059d6bd4ee8', 'b0394c46-3d20-4645-a26b-00f2ff56d076', 'acesso_administrativo', NULL),
	('ce398252-3a39-4c2f-a7c1-335c25d8410b', '2025-10-08 17:19:48.993874+00', '9fa6f848-7bcc-41d6-85fb-9e3037a7a380', 'b0394c46-3d20-4645-a26b-00f2ff56d076', 'acesso_administrativo', NULL),
	('4f614f17-3324-4260-8d3a-6d4986efc7f2', '2025-10-08 17:19:49.049468+00', '9fa6f848-7bcc-41d6-85fb-9e3037a7a380', 'b0394c46-3d20-4645-a26b-00f2ff56d076', 'acesso_administrativo', NULL),
	('a8984890-8ed0-40b5-95c7-35317bdc5656', '2025-10-08 17:20:30.9603+00', '9fa6f848-7bcc-41d6-85fb-9e3037a7a380', 'b0394c46-3d20-4645-a26b-00f2ff56d076', 'acesso_administrativo', NULL),
	('23c91385-8f7c-446a-95a0-da7f05880519', '2025-10-08 17:20:31.08181+00', '9fa6f848-7bcc-41d6-85fb-9e3037a7a380', 'b0394c46-3d20-4645-a26b-00f2ff56d076', 'acesso_administrativo', NULL),
	('03816c2b-55c6-42e4-ab6b-4e0c14956c70', '2025-10-08 19:09:08.489327+00', '9fa6f848-7bcc-41d6-85fb-9e3037a7a380', 'b0394c46-3d20-4645-a26b-00f2ff56d076', 'acesso_administrativo', NULL),
	('8f750499-7209-42dd-9536-d54559aca6da', '2025-10-08 19:09:08.500582+00', '9fa6f848-7bcc-41d6-85fb-9e3037a7a380', 'b0394c46-3d20-4645-a26b-00f2ff56d076', 'acesso_administrativo', NULL),
	('ac415e92-a6ae-41f2-bc3a-cd8302de8211', '2025-10-08 22:08:52.522921+00', '9fa6f848-7bcc-41d6-85fb-9e3037a7a380', '9fa6f848-7bcc-41d6-85fb-9e3037a7a380', 'login_aluno', NULL),
	('4ed15c15-7782-4260-b04a-a6f1d939a902', '2025-10-08 22:09:21.289286+00', '02894cff-93a8-4087-bbcb-791b8bb5c207', '02894cff-93a8-4087-bbcb-791b8bb5c207', 'login_aluno', NULL),
	('808d5b52-2511-4017-b862-def1166eb379', '2025-10-08 22:57:01.304809+00', '9fa6f848-7bcc-41d6-85fb-9e3037a7a380', 'b0394c46-3d20-4645-a26b-00f2ff56d076', 'acesso_administrativo', NULL),
	('259894cf-8785-478a-9e5c-caa6ed337ea6', '2025-10-08 22:57:01.316564+00', '9fa6f848-7bcc-41d6-85fb-9e3037a7a380', 'b0394c46-3d20-4645-a26b-00f2ff56d076', 'acesso_administrativo', NULL),
	('988a4137-b221-4b10-9ec1-4e1fee7c7383', '2025-10-08 23:57:56.888915+00', '9fa6f848-7bcc-41d6-85fb-9e3037a7a380', '9fa6f848-7bcc-41d6-85fb-9e3037a7a380', 'login_aluno', NULL),
	('ed32215c-ae39-4429-997b-3c5dcce27fa7', '2025-10-09 15:20:47.218399+00', '9fa6f848-7bcc-41d6-85fb-9e3037a7a380', '9fa6f848-7bcc-41d6-85fb-9e3037a7a380', 'login_aluno', NULL),
	('a5f4f789-960f-4dc8-819d-f8451753682a', '2025-10-09 15:22:42.757033+00', '9fa6f848-7bcc-41d6-85fb-9e3037a7a380', '9fa6f848-7bcc-41d6-85fb-9e3037a7a380', 'login_aluno', NULL),
	('ee4a0d50-0f2b-4650-9b0c-7b4bda644712', '2025-10-09 15:24:01.598594+00', '9fa6f848-7bcc-41d6-85fb-9e3037a7a380', '9fa6f848-7bcc-41d6-85fb-9e3037a7a380', 'login_aluno', NULL),
	('722de06a-6e11-4b04-8c61-bc5de4c898e8', '2025-10-09 15:41:28.46327+00', '9fa6f848-7bcc-41d6-85fb-9e3037a7a380', '9fa6f848-7bcc-41d6-85fb-9e3037a7a380', 'login_aluno', NULL),
	('412cd0d7-b495-4500-9925-3a19d086c479', '2025-10-09 15:42:11.515214+00', '9fa6f848-7bcc-41d6-85fb-9e3037a7a380', 'b0394c46-3d20-4645-a26b-00f2ff56d076', 'acesso_administrativo', NULL),
	('fabea238-5bd0-4543-b98a-b76727bd720d', '2025-10-09 15:42:11.524764+00', '9fa6f848-7bcc-41d6-85fb-9e3037a7a380', 'b0394c46-3d20-4645-a26b-00f2ff56d076', 'acesso_administrativo', NULL),
	('541ecd17-0e40-4e25-9f53-33fc915f8ce1', '2025-10-09 15:42:35.305773+00', '9fa6f848-7bcc-41d6-85fb-9e3037a7a380', 'b0394c46-3d20-4645-a26b-00f2ff56d076', 'acesso_administrativo', NULL),
	('080d18fe-d19c-4e97-b8d4-f3baeeeb4021', '2025-10-09 15:42:35.475759+00', '9fa6f848-7bcc-41d6-85fb-9e3037a7a380', 'b0394c46-3d20-4645-a26b-00f2ff56d076', 'acesso_administrativo', NULL),
	('d57c9674-a195-42dd-bc3c-bd1d8fe78aaf', '2025-10-09 15:42:43.299693+00', '9fa6f848-7bcc-41d6-85fb-9e3037a7a380', 'b0394c46-3d20-4645-a26b-00f2ff56d076', 'acesso_administrativo', NULL),
	('3b6f21ce-b81e-40fa-84ec-9c1d32c4bd17', '2025-10-09 15:42:43.354576+00', '9fa6f848-7bcc-41d6-85fb-9e3037a7a380', 'b0394c46-3d20-4645-a26b-00f2ff56d076', 'acesso_administrativo', NULL),
	('d06ad4b3-5ac8-4760-bdf0-0f8797aba270', '2025-10-09 15:45:25.437945+00', '9fa6f848-7bcc-41d6-85fb-9e3037a7a380', 'b0394c46-3d20-4645-a26b-00f2ff56d076', 'acesso_administrativo', NULL),
	('24974081-4ebe-4dfd-ad4f-64873d6e37d3', '2025-10-09 15:45:25.443396+00', '9fa6f848-7bcc-41d6-85fb-9e3037a7a380', 'b0394c46-3d20-4645-a26b-00f2ff56d076', 'acesso_administrativo', NULL),
	('0360cdea-5353-4acd-ae59-e39c91ad11fc', '2025-10-09 15:46:17.716968+00', '9fa6f848-7bcc-41d6-85fb-9e3037a7a380', '9fa6f848-7bcc-41d6-85fb-9e3037a7a380', 'login_aluno', NULL),
	('5f311185-cc68-4ba1-aa4f-60eb4e27f959', '2025-10-09 16:22:33.810286+00', '9fa6f848-7bcc-41d6-85fb-9e3037a7a380', '9fa6f848-7bcc-41d6-85fb-9e3037a7a380', 'login_aluno', NULL),
	('fb4ec642-f6a5-4a00-a7fb-28a34aad3b46', '2025-10-09 23:04:16.797017+00', '9fa6f848-7bcc-41d6-85fb-9e3037a7a380', '9fa6f848-7bcc-41d6-85fb-9e3037a7a380', 'login_aluno', NULL),
	('761ae67e-b34f-4a67-8f77-c0e9806e8ade', '2025-10-09 23:06:52.530461+00', '9fa6f848-7bcc-41d6-85fb-9e3037a7a380', '9fa6f848-7bcc-41d6-85fb-9e3037a7a380', 'login_aluno', NULL),
	('40697085-8678-407f-8079-2c7419061d31', '2025-10-09 23:27:33.718645+00', 'e012937a-6e96-4954-8ecb-471e0e19ad06', 'e012937a-6e96-4954-8ecb-471e0e19ad06', 'login_aluno', NULL),
	('f7affcc4-1f2a-47c9-94bb-2e8cb8f036ca', '2025-10-09 23:42:55.418898+00', '9fa6f848-7bcc-41d6-85fb-9e3037a7a380', '9fa6f848-7bcc-41d6-85fb-9e3037a7a380', 'login_aluno', NULL),
	('83bff18a-de41-42d0-ae3d-6ec281e70776', '2025-10-09 23:49:27.45146+00', '9fa6f848-7bcc-41d6-85fb-9e3037a7a380', '9fa6f848-7bcc-41d6-85fb-9e3037a7a380', 'login_aluno', NULL),
	('8c38acd4-7962-4401-977b-c86c4dd4fca6', '2025-10-09 23:50:09.577037+00', '9fa6f848-7bcc-41d6-85fb-9e3037a7a380', '9fa6f848-7bcc-41d6-85fb-9e3037a7a380', 'login_aluno', NULL),
	('55cce8b9-1185-4ad0-9e66-7a216e959379', '2025-10-09 23:51:47.022044+00', '9fa6f848-7bcc-41d6-85fb-9e3037a7a380', '9fa6f848-7bcc-41d6-85fb-9e3037a7a380', 'login_aluno', NULL),
	('cbe17922-556e-4b0f-b77b-2a9e707aa23c', '2025-10-09 23:54:08.565871+00', 'e012937a-6e96-4954-8ecb-471e0e19ad06', 'b0394c46-3d20-4645-a26b-00f2ff56d076', 'acesso_administrativo', NULL),
	('cc19e233-1766-4804-9f28-971052e2c04e', '2025-10-09 23:54:08.595077+00', 'e012937a-6e96-4954-8ecb-471e0e19ad06', 'b0394c46-3d20-4645-a26b-00f2ff56d076', 'acesso_administrativo', NULL),
	('5280d6f7-7c04-45df-9d71-49df57d62fd8', '2025-10-10 13:40:09.675285+00', '9fa6f848-7bcc-41d6-85fb-9e3037a7a380', 'b0394c46-3d20-4645-a26b-00f2ff56d076', 'acesso_administrativo', NULL),
	('f0347641-b401-4f73-a23b-6d2d9dca63bf', '2025-10-10 13:40:09.686343+00', '9fa6f848-7bcc-41d6-85fb-9e3037a7a380', 'b0394c46-3d20-4645-a26b-00f2ff56d076', 'acesso_administrativo', NULL),
	('2343b891-8331-48cf-8643-d088e57905ef', '2025-10-10 14:00:34.436937+00', 'e012937a-6e96-4954-8ecb-471e0e19ad06', 'b0394c46-3d20-4645-a26b-00f2ff56d076', 'acesso_administrativo', NULL),
	('f84a268a-3256-41c1-b648-04a74fcdb879', '2025-10-10 14:00:34.504669+00', 'e012937a-6e96-4954-8ecb-471e0e19ad06', 'b0394c46-3d20-4645-a26b-00f2ff56d076', 'acesso_administrativo', NULL),
	('9a6cd823-e3fa-4cf2-b4ec-1c0b22081e92', '2025-10-10 14:00:45.383141+00', 'e012937a-6e96-4954-8ecb-471e0e19ad06', 'b0394c46-3d20-4645-a26b-00f2ff56d076', 'acesso_administrativo', NULL),
	('e5eec490-e628-4e6b-b8dc-5359d37ea18c', '2025-10-10 14:00:45.439872+00', 'e012937a-6e96-4954-8ecb-471e0e19ad06', 'b0394c46-3d20-4645-a26b-00f2ff56d076', 'acesso_administrativo', NULL),
	('49070c49-22c6-424d-a3a0-52e5a17685cd', '2025-10-10 14:00:49.048358+00', '9fa6f848-7bcc-41d6-85fb-9e3037a7a380', 'b0394c46-3d20-4645-a26b-00f2ff56d076', 'acesso_administrativo', NULL),
	('ae393976-9427-4fdd-a540-7958c2a73471', '2025-10-10 14:00:49.186732+00', '9fa6f848-7bcc-41d6-85fb-9e3037a7a380', 'b0394c46-3d20-4645-a26b-00f2ff56d076', 'acesso_administrativo', NULL),
	('6310b515-dac4-4a88-9737-1bca07a9cc06', '2025-10-10 15:40:21.38831+00', '9fa6f848-7bcc-41d6-85fb-9e3037a7a380', '9fa6f848-7bcc-41d6-85fb-9e3037a7a380', 'login_aluno', NULL);


--
-- Data for Name: student_documents; Type: TABLE DATA; Schema: public; Owner: postgres
--

INSERT INTO "public"."student_documents" ("id", "user_id", "enrollment_id", "document_type", "status", "file_path", "rejection_reason", "uploaded_at", "updated_at", "reviewer_id") VALUES
	('cc4729e9-5960-47aa-9064-2be71ed6c61e', '9fa6f848-7bcc-41d6-85fb-9e3037a7a380', 'b6c4adb8-d260-4650-93f4-01e47cf20f69', 'RG/CPF', 'approved', 'https://drive.google.com/file/d/1mp6mJhoqceutyxrNWA5ADr1eIdsYIebt/view?usp=drivesdk', NULL, '2025-10-10 16:24:45.305009+00', '2025-10-10 16:31:18.547625+00', 'b0394c46-3d20-4645-a26b-00f2ff56d076');


--
-- Data for Name: student_grades; Type: TABLE DATA; Schema: public; Owner: postgres
--

INSERT INTO "public"."student_grades" ("id", "created_at", "updated_at", "student_id", "enrollment_id", "discipline_id", "learning_unit_id", "grade", "attempt_number") VALUES
	('ca5146e7-782c-4552-8bce-5d2122b0e0a8', '2025-10-02 22:27:39.890179+00', '2025-10-02 22:27:39.890179+00', '9fa6f848-7bcc-41d6-85fb-9e3037a7a380', '1e4c91ad-d4f9-4971-ab3c-9afef9fad52b', '1176cfa5-903f-4e4d-a762-a26b311a0e75', 'fa629d34-7a92-472f-b733-e81d513a1f1a', 8.50, 1);


--
-- Data for Name: teams; Type: TABLE DATA; Schema: public; Owner: postgres
--

INSERT INTO "public"."teams" ("id", "name", "cnpj", "manager_id", "active", "created_at", "updated_at") VALUES
	('cf7dcc93-6cca-4b51-8278-c76f30c98306', 'Equipe Vendas SP', '12.345.678/0001-90', NULL, true, '2025-09-26 03:10:08.486315+00', '2025-09-26 03:10:08.486315+00');


--
-- Data for Name: buckets; Type: TABLE DATA; Schema: storage; Owner: supabase_storage_admin
--

INSERT INTO "storage"."buckets" ("id", "name", "owner", "created_at", "updated_at", "public", "avif_autodetection", "file_size_limit", "allowed_mime_types", "owner_id", "type") VALUES
	('occurrence_images', 'occurrence_images', NULL, '2025-10-08 15:57:54.707302+00', '2025-10-08 15:57:54.707302+00', true, false, NULL, NULL, NULL, 'STANDARD');


--
-- Data for Name: buckets_analytics; Type: TABLE DATA; Schema: storage; Owner: supabase_storage_admin
--



--
-- Data for Name: objects; Type: TABLE DATA; Schema: storage; Owner: supabase_storage_admin
--

INSERT INTO "storage"."objects" ("id", "bucket_id", "name", "owner", "created_at", "updated_at", "last_accessed_at", "metadata", "version", "owner_id", "user_metadata", "level") VALUES
	('7b1c23ac-82f6-4bfb-a50c-32aac6858566', 'occurrence_images', 'f0f7b3e1-9d52-4e74-b089-875814c6855a/.emptyFolderPlaceholder', NULL, '2025-10-09 23:54:00.208533+00', '2025-10-09 23:54:00.208533+00', '2025-10-09 23:54:00.208533+00', '{"eTag": "\"d41d8cd98f00b204e9800998ecf8427e\"", "size": 0, "mimetype": "application/octet-stream", "cacheControl": "max-age=3600", "lastModified": "2025-10-09T23:54:00.210Z", "contentLength": 0, "httpStatusCode": 200}', '272b3c94-9027-4545-a59c-efc3277d1961', NULL, '{}', 2);


--
-- Data for Name: prefixes; Type: TABLE DATA; Schema: storage; Owner: supabase_storage_admin
--

INSERT INTO "storage"."prefixes" ("bucket_id", "name", "created_at", "updated_at") VALUES
	('occurrence_images', 'f0f7b3e1-9d52-4e74-b089-875814c6855a', '2025-10-09 23:54:00.208533+00', '2025-10-09 23:54:00.208533+00');


--
-- Data for Name: s3_multipart_uploads; Type: TABLE DATA; Schema: storage; Owner: supabase_storage_admin
--



--
-- Data for Name: s3_multipart_uploads_parts; Type: TABLE DATA; Schema: storage; Owner: supabase_storage_admin
--



--
-- Data for Name: hooks; Type: TABLE DATA; Schema: supabase_functions; Owner: supabase_functions_admin
--



--
-- Name: refresh_tokens_id_seq; Type: SEQUENCE SET; Schema: auth; Owner: supabase_auth_admin
--

SELECT pg_catalog.setval('"auth"."refresh_tokens_id_seq"', 239, true);


--
-- Name: hooks_id_seq; Type: SEQUENCE SET; Schema: supabase_functions; Owner: supabase_functions_admin
--

SELECT pg_catalog.setval('"supabase_functions"."hooks_id_seq"', 1, false);


--
-- PostgreSQL database dump complete
--

-- \unrestrict Jyj9sP08QsiVVISpTkbaL7myiPDWpgIuYbaU0GTWas7iUj2EVnQBkdhFxaGMP42

RESET ALL;
